2024-10-25T14:18:34.150+05:30  INFO 241060 --- [Budget] [restartedMain] com.budgetapp.BudgetApplication          : Starting BudgetApplication using Java 21.0.1 with PID 241060 (C:\Users\shlok\Downloads\Budget (1)\Budget\target\classes started by shlok in C:\Users\shlok\Downloads\Budget (1))
2024-10-25T14:18:34.151+05:30 DEBUG 241060 --- [Budget] [restartedMain] com.budgetapp.BudgetApplication          : Running with Spring Boot v3.3.5, Spring v6.1.14
2024-10-25T14:18:34.152+05:30  INFO 241060 --- [Budget] [restartedMain] com.budgetapp.BudgetApplication          : No active profile set, falling back to 1 default profile: "default"
2024-10-25T14:18:34.476+05:30  INFO 241060 --- [Budget] [restartedMain] .s.d.r.c.RepositoryConfigurationDelegate : Bootstrapping Spring Data JPA repositories in DEFAULT mode.
2024-10-25T14:18:34.494+05:30  INFO 241060 --- [Budget] [restartedMain] .s.d.r.c.RepositoryConfigurationDelegate : Finished Spring Data repository scanning in 17 ms. Found 1 JPA repository interface.
2024-10-25T14:18:34.598+05:30  INFO 241060 --- [Budget] [restartedMain] o.s.b.w.embedded.tomcat.TomcatWebServer  : Tomcat initialized with port 8080 (http)
2024-10-25T14:18:34.599+05:30  INFO 241060 --- [Budget] [restartedMain] o.apache.catalina.core.StandardService   : Starting service [Tomcat]
2024-10-25T14:18:34.600+05:30  INFO 241060 --- [Budget] [restartedMain] o.apache.catalina.core.StandardEngine    : Starting Servlet engine: [Apache Tomcat/10.1.31]
2024-10-25T14:18:34.631+05:30  INFO 241060 --- [Budget] [restartedMain] o.a.c.c.C.[Tomcat].[localhost].[/]       : Initializing Spring embedded WebApplicationContext
2024-10-25T14:18:34.633+05:30  INFO 241060 --- [Budget] [restartedMain] w.s.c.ServletWebServerApplicationContext : Root WebApplicationContext: initialization completed in 474 ms
2024-10-25T14:18:34.678+05:30  INFO 241060 --- [Budget] [restartedMain] o.hibernate.jpa.internal.util.LogHelper  : HHH000204: Processing PersistenceUnitInfo [name: default]
2024-10-25T14:18:34.689+05:30  INFO 241060 --- [Budget] [restartedMain] o.h.c.internal.RegionFactoryInitiator    : HHH000026: Second-level cache disabled
2024-10-25T14:18:34.704+05:30  INFO 241060 --- [Budget] [restartedMain] o.s.o.j.p.SpringPersistenceUnitInfo      : No LoadTimeWeaver setup: ignoring JPA class transformer
2024-10-25T14:18:34.706+05:30  INFO 241060 --- [Budget] [restartedMain] com.zaxxer.hikari.HikariDataSource       : HikariPool-3 - Starting...
2024-10-25T14:18:34.767+05:30  INFO 241060 --- [Budget] [restartedMain] com.zaxxer.hikari.pool.HikariPool        : HikariPool-3 - Added connection org.postgresql.jdbc.PgConnection@55823cd3
2024-10-25T14:18:34.768+05:30  INFO 241060 --- [Budget] [restartedMain] com.zaxxer.hikari.HikariDataSource       : HikariPool-3 - Start completed.
2024-10-25T14:18:34.791+05:30  WARN 241060 --- [Budget] [restartedMain] org.hibernate.orm.deprecation            : HHH90000025: PostgreSQLDialect does not need to be specified explicitly using 'hibernate.dialect' (remove the property setting and it will be selected by default)
2024-10-25T14:18:34.851+05:30  INFO 241060 --- [Budget] [restartedMain] o.h.e.t.j.p.i.JtaPlatformInitiator       : HHH000489: No JTA platform available (set 'hibernate.transaction.jta.platform' to enable JTA platform integration)
2024-10-25T14:18:34.881+05:30  INFO 241060 --- [Budget] [restartedMain] j.LocalContainerEntityManagerFactoryBean : Initialized JPA EntityManagerFactory for persistence unit 'default'
2024-10-25T14:18:34.961+05:30  WARN 241060 --- [Budget] [restartedMain] JpaBaseConfiguration$JpaWebConfiguration : spring.jpa.open-in-view is enabled by default. Therefore, database queries may be performed during view rendering. Explicitly configure spring.jpa.open-in-view to disable this warning
2024-10-25T14:18:35.085+05:30  INFO 241060 --- [Budget] [restartedMain] o.s.b.d.a.OptionalLiveReloadServer       : LiveReload server is running on port 35729
2024-10-25T14:18:35.096+05:30  INFO 241060 --- [Budget] [restartedMain] o.s.b.w.embedded.tomcat.TomcatWebServer  : Tomcat started on port 8080 (http) with context path '/'
2024-10-25T14:18:35.102+05:30  INFO 241060 --- [Budget] [restartedMain] com.budgetapp.BudgetApplication          : Started BudgetApplication in 0.987 seconds (process running for 1253.048)
2024-10-25T14:18:35.104+05:30  INFO 241060 --- [Budget] [restartedMain] .ConditionEvaluationDeltaLoggingListener : Condition evaluation unchanged
2024-10-25T14:18:42.575+05:30  INFO 276612 --- [Budget] [restartedMain] com.budgetapp.BudgetApplication          : Starting BudgetApplication using Java 21.0.1 with PID 276612 (C:\Users\shlok\Downloads\Budget (1)\Budget\target\classes started by shlok in C:\Users\shlok\Downloads\Budget (1))
2024-10-25T14:18:42.577+05:30 DEBUG 276612 --- [Budget] [restartedMain] com.budgetapp.BudgetApplication          : Running with Spring Boot v3.3.5, Spring v6.1.14
2024-10-25T14:18:42.579+05:30  INFO 276612 --- [Budget] [restartedMain] com.budgetapp.BudgetApplication          : No active profile set, falling back to 1 default profile: "default"
2024-10-25T14:18:42.651+05:30  INFO 276612 --- [Budget] [restartedMain] .e.DevToolsPropertyDefaultsPostProcessor : Devtools property defaults active! Set 'spring.devtools.add-properties' to 'false' to disable
2024-10-25T14:18:42.652+05:30  INFO 276612 --- [Budget] [restartedMain] .e.DevToolsPropertyDefaultsPostProcessor : For additional web related logging consider setting the 'logging.level.web' property to 'DEBUG'
2024-10-25T14:18:43.662+05:30  INFO 276612 --- [Budget] [restartedMain] .s.d.r.c.RepositoryConfigurationDelegate : Bootstrapping Spring Data JPA repositories in DEFAULT mode.
2024-10-25T14:18:43.738+05:30  INFO 276612 --- [Budget] [restartedMain] .s.d.r.c.RepositoryConfigurationDelegate : Finished Spring Data repository scanning in 64 ms. Found 1 JPA repository interface.
2024-10-25T14:18:44.580+05:30  INFO 276612 --- [Budget] [restartedMain] o.s.b.w.embedded.tomcat.TomcatWebServer  : Tomcat initialized with port 8080 (http)
2024-10-25T14:18:44.604+05:30  INFO 276612 --- [Budget] [restartedMain] o.apache.catalina.core.StandardService   : Starting service [Tomcat]
2024-10-25T14:18:44.604+05:30  INFO 276612 --- [Budget] [restartedMain] o.apache.catalina.core.StandardEngine    : Starting Servlet engine: [Apache Tomcat/10.1.31]
2024-10-25T14:18:44.694+05:30  INFO 276612 --- [Budget] [restartedMain] o.a.c.c.C.[Tomcat].[localhost].[/]       : Initializing Spring embedded WebApplicationContext
2024-10-25T14:18:44.694+05:30  INFO 276612 --- [Budget] [restartedMain] w.s.c.ServletWebServerApplicationContext : Root WebApplicationContext: initialization completed in 2041 ms
2024-10-25T14:18:44.929+05:30  INFO 276612 --- [Budget] [restartedMain] o.hibernate.jpa.internal.util.LogHelper  : HHH000204: Processing PersistenceUnitInfo [name: default]
2024-10-25T14:18:45.042+05:30  INFO 276612 --- [Budget] [restartedMain] org.hibernate.Version                    : HHH000412: Hibernate ORM core version 6.5.3.Final
2024-10-25T14:18:45.083+05:30  INFO 276612 --- [Budget] [restartedMain] o.h.c.internal.RegionFactoryInitiator    : HHH000026: Second-level cache disabled
2024-10-25T14:18:45.505+05:30  INFO 276612 --- [Budget] [restartedMain] o.s.o.j.p.SpringPersistenceUnitInfo      : No LoadTimeWeaver setup: ignoring JPA class transformer
2024-10-25T14:18:45.554+05:30  INFO 276612 --- [Budget] [restartedMain] com.zaxxer.hikari.HikariDataSource       : HikariPool-1 - Starting...
2024-10-25T14:18:45.814+05:30  INFO 276612 --- [Budget] [restartedMain] com.zaxxer.hikari.pool.HikariPool        : HikariPool-1 - Added connection org.postgresql.jdbc.PgConnection@234fa806
2024-10-25T14:18:45.814+05:30  INFO 276612 --- [Budget] [restartedMain] com.zaxxer.hikari.HikariDataSource       : HikariPool-1 - Start completed.
2024-10-25T14:18:45.862+05:30  WARN 276612 --- [Budget] [restartedMain] org.hibernate.orm.deprecation            : HHH90000025: PostgreSQLDialect does not need to be specified explicitly using 'hibernate.dialect' (remove the property setting and it will be selected by default)
2024-10-25T14:18:46.908+05:30  INFO 276612 --- [Budget] [restartedMain] o.h.e.t.j.p.i.JtaPlatformInitiator       : HHH000489: No JTA platform available (set 'hibernate.transaction.jta.platform' to enable JTA platform integration)
2024-10-25T14:18:46.980+05:30  INFO 276612 --- [Budget] [restartedMain] j.LocalContainerEntityManagerFactoryBean : Initialized JPA EntityManagerFactory for persistence unit 'default'
2024-10-25T14:18:47.523+05:30  WARN 276612 --- [Budget] [restartedMain] JpaBaseConfiguration$JpaWebConfiguration : spring.jpa.open-in-view is enabled by default. Therefore, database queries may be performed during view rendering. Explicitly configure spring.jpa.open-in-view to disable this warning
2024-10-25T14:18:48.107+05:30  WARN 276612 --- [Budget] [restartedMain] o.s.b.d.a.OptionalLiveReloadServer       : Unable to start LiveReload server
2024-10-25T14:18:48.132+05:30  WARN 276612 --- [Budget] [restartedMain] ConfigServletWebServerApplicationContext : Exception encountered during context initialization - cancelling refresh attempt: org.springframework.context.ApplicationContextException: Failed to start bean 'webServerStartStop'
2024-10-25T14:18:48.140+05:30  INFO 276612 --- [Budget] [restartedMain] j.LocalContainerEntityManagerFactoryBean : Closing JPA EntityManagerFactory for persistence unit 'default'
2024-10-25T14:18:48.140+05:30  INFO 276612 --- [Budget] [restartedMain] com.zaxxer.hikari.HikariDataSource       : HikariPool-1 - Shutdown initiated...
2024-10-25T14:18:48.148+05:30  INFO 276612 --- [Budget] [restartedMain] com.zaxxer.hikari.HikariDataSource       : HikariPool-1 - Shutdown completed.
2024-10-25T14:18:48.173+05:30  INFO 276612 --- [Budget] [restartedMain] .s.b.a.l.ConditionEvaluationReportLogger : 

Error starting ApplicationContext. To display the condition evaluation report re-run your application with 'debug' enabled.
2024-10-25T14:18:48.198+05:30 ERROR 276612 --- [Budget] [restartedMain] o.s.b.d.LoggingFailureAnalysisReporter   : 

***************************
APPLICATION FAILED TO START
***************************

Description:

Web server failed to start. Port 8080 was already in use.

Action:

Identify and stop the process that's listening on port 8080 or configure this application to listen on another port.

2024-10-25T14:18:58.887+05:30  INFO 241060 --- [Budget] [http-nio-8080-exec-1] o.a.c.c.C.[Tomcat].[localhost].[/]       : Initializing Spring DispatcherServlet 'dispatcherServlet'
2024-10-25T14:18:58.895+05:30  INFO 241060 --- [Budget] [http-nio-8080-exec-1] o.s.web.servlet.DispatcherServlet        : Initializing Servlet 'dispatcherServlet'
2024-10-25T14:18:58.895+05:30  INFO 241060 --- [Budget] [http-nio-8080-exec-1] o.s.web.servlet.DispatcherServlet        : Completed initialization in 0 ms
2024-10-25T14:18:59.461+05:30  INFO 241060 --- [Budget] [http-nio-8080-exec-10] o.springdoc.api.AbstractOpenApiResource  : Init duration for springdoc-openapi is: 58 ms
2024-10-25T14:19:07.165+05:30  INFO 241060 --- [Budget] [http-nio-8080-exec-8] c.budgetapp.controller.BudgetController  : Fetching budget with id: 1
2024-10-25T14:19:09.029+05:30  INFO 241060 --- [Budget] [http-nio-8080-exec-4] c.budgetapp.controller.BudgetController  : Fetching budget with id: 1
2024-10-25T14:23:21.093+05:30  INFO 241060 --- [Budget] [http-nio-8080-exec-7] c.budgetapp.controller.BudgetController  : Fetching budget with id: 3
2024-10-25T14:24:43.582+05:30  INFO 241060 --- [Budget] [http-nio-8080-exec-6] c.budgetapp.controller.BudgetController  : Fetching budget with id: 3
2024-10-25T14:25:46.691+05:30  INFO 277784 --- [Budget] [restartedMain] com.budgetapp.BudgetApplication          : Starting BudgetApplication using Java 21.0.1 with PID 277784 (C:\Users\shlok\Downloads\Budget (1)\Budget\target\classes started by shlok in C:\Users\shlok\Downloads\Budget (1))
2024-10-25T14:25:46.694+05:30 DEBUG 277784 --- [Budget] [restartedMain] com.budgetapp.BudgetApplication          : Running with Spring Boot v3.3.5, Spring v6.1.14
2024-10-25T14:25:46.696+05:30  INFO 277784 --- [Budget] [restartedMain] com.budgetapp.BudgetApplication          : No active profile set, falling back to 1 default profile: "default"
2024-10-25T14:25:46.770+05:30  INFO 277784 --- [Budget] [restartedMain] .e.DevToolsPropertyDefaultsPostProcessor : Devtools property defaults active! Set 'spring.devtools.add-properties' to 'false' to disable
2024-10-25T14:25:46.771+05:30  INFO 277784 --- [Budget] [restartedMain] .e.DevToolsPropertyDefaultsPostProcessor : For additional web related logging consider setting the 'logging.level.web' property to 'DEBUG'
2024-10-25T14:25:47.772+05:30  INFO 277784 --- [Budget] [restartedMain] .s.d.r.c.RepositoryConfigurationDelegate : Bootstrapping Spring Data JPA repositories in DEFAULT mode.
2024-10-25T14:25:47.846+05:30  INFO 277784 --- [Budget] [restartedMain] .s.d.r.c.RepositoryConfigurationDelegate : Finished Spring Data repository scanning in 61 ms. Found 1 JPA repository interface.
2024-10-25T14:25:48.730+05:30  INFO 277784 --- [Budget] [restartedMain] o.s.b.w.embedded.tomcat.TomcatWebServer  : Tomcat initialized with port 8080 (http)
2024-10-25T14:25:48.751+05:30  INFO 277784 --- [Budget] [restartedMain] o.apache.catalina.core.StandardService   : Starting service [Tomcat]
2024-10-25T14:25:48.752+05:30  INFO 277784 --- [Budget] [restartedMain] o.apache.catalina.core.StandardEngine    : Starting Servlet engine: [Apache Tomcat/10.1.31]
2024-10-25T14:25:48.835+05:30  INFO 277784 --- [Budget] [restartedMain] o.a.c.c.C.[Tomcat].[localhost].[/]       : Initializing Spring embedded WebApplicationContext
2024-10-25T14:25:48.836+05:30  INFO 277784 --- [Budget] [restartedMain] w.s.c.ServletWebServerApplicationContext : Root WebApplicationContext: initialization completed in 2064 ms
2024-10-25T14:25:49.130+05:30  INFO 277784 --- [Budget] [restartedMain] o.hibernate.jpa.internal.util.LogHelper  : HHH000204: Processing PersistenceUnitInfo [name: default]
2024-10-25T14:25:49.237+05:30  INFO 277784 --- [Budget] [restartedMain] org.hibernate.Version                    : HHH000412: Hibernate ORM core version 6.5.3.Final
2024-10-25T14:25:49.307+05:30  INFO 277784 --- [Budget] [restartedMain] o.h.c.internal.RegionFactoryInitiator    : HHH000026: Second-level cache disabled
2024-10-25T14:25:49.767+05:30  INFO 277784 --- [Budget] [restartedMain] o.s.o.j.p.SpringPersistenceUnitInfo      : No LoadTimeWeaver setup: ignoring JPA class transformer
2024-10-25T14:25:49.815+05:30  INFO 277784 --- [Budget] [restartedMain] com.zaxxer.hikari.HikariDataSource       : HikariPool-1 - Starting...
2024-10-25T14:25:50.074+05:30  INFO 277784 --- [Budget] [restartedMain] com.zaxxer.hikari.pool.HikariPool        : HikariPool-1 - Added connection org.postgresql.jdbc.PgConnection@6ecdb8fc
2024-10-25T14:25:50.077+05:30  INFO 277784 --- [Budget] [restartedMain] com.zaxxer.hikari.HikariDataSource       : HikariPool-1 - Start completed.
2024-10-25T14:25:50.128+05:30  WARN 277784 --- [Budget] [restartedMain] org.hibernate.orm.deprecation            : HHH90000025: PostgreSQLDialect does not need to be specified explicitly using 'hibernate.dialect' (remove the property setting and it will be selected by default)
2024-10-25T14:25:51.243+05:30  INFO 277784 --- [Budget] [restartedMain] o.h.e.t.j.p.i.JtaPlatformInitiator       : HHH000489: No JTA platform available (set 'hibernate.transaction.jta.platform' to enable JTA platform integration)
2024-10-25T14:25:51.324+05:30  INFO 277784 --- [Budget] [restartedMain] j.LocalContainerEntityManagerFactoryBean : Initialized JPA EntityManagerFactory for persistence unit 'default'
2024-10-25T14:25:51.911+05:30  WARN 277784 --- [Budget] [restartedMain] JpaBaseConfiguration$JpaWebConfiguration : spring.jpa.open-in-view is enabled by default. Therefore, database queries may be performed during view rendering. Explicitly configure spring.jpa.open-in-view to disable this warning
2024-10-25T14:25:52.526+05:30  INFO 277784 --- [Budget] [restartedMain] o.s.b.d.a.OptionalLiveReloadServer       : LiveReload server is running on port 35729
2024-10-25T14:25:52.574+05:30  INFO 277784 --- [Budget] [restartedMain] o.s.b.w.embedded.tomcat.TomcatWebServer  : Tomcat started on port 8080 (http) with context path '/'
2024-10-25T14:25:52.589+05:30  INFO 277784 --- [Budget] [restartedMain] com.budgetapp.BudgetApplication          : Started BudgetApplication in 6.487 seconds (process running for 7.118)
2024-10-25T14:25:56.977+05:30  INFO 277784 --- [Budget] [http-nio-8080-exec-1] o.a.c.c.C.[Tomcat].[localhost].[/]       : Initializing Spring DispatcherServlet 'dispatcherServlet'
2024-10-25T14:25:56.977+05:30  INFO 277784 --- [Budget] [http-nio-8080-exec-1] o.s.web.servlet.DispatcherServlet        : Initializing Servlet 'dispatcherServlet'
2024-10-25T14:25:56.980+05:30  INFO 277784 --- [Budget] [http-nio-8080-exec-1] o.s.web.servlet.DispatcherServlet        : Completed initialization in 1 ms
2024-10-25T14:25:57.949+05:30  INFO 277784 --- [Budget] [http-nio-8080-exec-9] o.springdoc.api.AbstractOpenApiResource  : Init duration for springdoc-openapi is: 272 ms
2024-10-25T14:26:03.744+05:30  INFO 277784 --- [Budget] [http-nio-8080-exec-10] c.budgetapp.controller.BudgetController  : Fetching budget with id: 3
2024-10-25T14:34:12.426+05:30  INFO 277784 --- [Budget] [http-nio-8080-exec-4] c.budgetapp.controller.BudgetController  : Fetching budget with id: 4
2024-10-25T14:38:01.179+05:30  INFO 273260 --- [Budget] [restartedMain] com.budgetapp.BudgetApplication          : Starting BudgetApplication using Java 21.0.1 with PID 273260 (C:\Users\shlok\Downloads\Budget (1)\Budget\target\classes started by shlok in C:\Users\shlok\Downloads\Budget (1))
2024-10-25T14:38:01.182+05:30 DEBUG 273260 --- [Budget] [restartedMain] com.budgetapp.BudgetApplication          : Running with Spring Boot v3.3.5, Spring v6.1.14
2024-10-25T14:38:01.183+05:30  INFO 273260 --- [Budget] [restartedMain] com.budgetapp.BudgetApplication          : No active profile set, falling back to 1 default profile: "default"
2024-10-25T14:38:01.251+05:30  INFO 273260 --- [Budget] [restartedMain] .e.DevToolsPropertyDefaultsPostProcessor : Devtools property defaults active! Set 'spring.devtools.add-properties' to 'false' to disable
2024-10-25T14:38:01.252+05:30  INFO 273260 --- [Budget] [restartedMain] .e.DevToolsPropertyDefaultsPostProcessor : For additional web related logging consider setting the 'logging.level.web' property to 'DEBUG'
2024-10-25T14:38:02.274+05:30  INFO 273260 --- [Budget] [restartedMain] .s.d.r.c.RepositoryConfigurationDelegate : Bootstrapping Spring Data JPA repositories in DEFAULT mode.
2024-10-25T14:38:02.350+05:30  INFO 273260 --- [Budget] [restartedMain] .s.d.r.c.RepositoryConfigurationDelegate : Finished Spring Data repository scanning in 65 ms. Found 1 JPA repository interface.
2024-10-25T14:38:03.194+05:30  INFO 273260 --- [Budget] [restartedMain] o.s.b.w.embedded.tomcat.TomcatWebServer  : Tomcat initialized with port 8080 (http)
2024-10-25T14:38:03.213+05:30  INFO 273260 --- [Budget] [restartedMain] o.apache.catalina.core.StandardService   : Starting service [Tomcat]
2024-10-25T14:38:03.214+05:30  INFO 273260 --- [Budget] [restartedMain] o.apache.catalina.core.StandardEngine    : Starting Servlet engine: [Apache Tomcat/10.1.31]
2024-10-25T14:38:03.298+05:30  INFO 273260 --- [Budget] [restartedMain] o.a.c.c.C.[Tomcat].[localhost].[/]       : Initializing Spring embedded WebApplicationContext
2024-10-25T14:38:03.299+05:30  INFO 273260 --- [Budget] [restartedMain] w.s.c.ServletWebServerApplicationContext : Root WebApplicationContext: initialization completed in 2045 ms
2024-10-25T14:38:03.636+05:30  INFO 273260 --- [Budget] [restartedMain] o.hibernate.jpa.internal.util.LogHelper  : HHH000204: Processing PersistenceUnitInfo [name: default]
2024-10-25T14:38:03.762+05:30  INFO 273260 --- [Budget] [restartedMain] org.hibernate.Version                    : HHH000412: Hibernate ORM core version 6.5.3.Final
2024-10-25T14:38:03.822+05:30  INFO 273260 --- [Budget] [restartedMain] o.h.c.internal.RegionFactoryInitiator    : HHH000026: Second-level cache disabled
2024-10-25T14:38:04.236+05:30  INFO 273260 --- [Budget] [restartedMain] o.s.o.j.p.SpringPersistenceUnitInfo      : No LoadTimeWeaver setup: ignoring JPA class transformer
2024-10-25T14:38:04.282+05:30  INFO 273260 --- [Budget] [restartedMain] com.zaxxer.hikari.HikariDataSource       : HikariPool-1 - Starting...
2024-10-25T14:38:04.560+05:30  INFO 273260 --- [Budget] [restartedMain] com.zaxxer.hikari.pool.HikariPool        : HikariPool-1 - Added connection org.postgresql.jdbc.PgConnection@7e4cad62
2024-10-25T14:38:04.560+05:30  INFO 273260 --- [Budget] [restartedMain] com.zaxxer.hikari.HikariDataSource       : HikariPool-1 - Start completed.
2024-10-25T14:38:04.609+05:30  WARN 273260 --- [Budget] [restartedMain] org.hibernate.orm.deprecation            : HHH90000025: PostgreSQLDialect does not need to be specified explicitly using 'hibernate.dialect' (remove the property setting and it will be selected by default)
2024-10-25T14:38:05.663+05:30  INFO 273260 --- [Budget] [restartedMain] o.h.e.t.j.p.i.JtaPlatformInitiator       : HHH000489: No JTA platform available (set 'hibernate.transaction.jta.platform' to enable JTA platform integration)
2024-10-25T14:38:05.736+05:30  INFO 273260 --- [Budget] [restartedMain] j.LocalContainerEntityManagerFactoryBean : Initialized JPA EntityManagerFactory for persistence unit 'default'
2024-10-25T14:38:06.329+05:30  WARN 273260 --- [Budget] [restartedMain] JpaBaseConfiguration$JpaWebConfiguration : spring.jpa.open-in-view is enabled by default. Therefore, database queries may be performed during view rendering. Explicitly configure spring.jpa.open-in-view to disable this warning
2024-10-25T14:38:06.985+05:30  WARN 273260 --- [Budget] [restartedMain] o.s.b.d.a.OptionalLiveReloadServer       : Unable to start LiveReload server
2024-10-25T14:38:07.010+05:30  WARN 273260 --- [Budget] [restartedMain] ConfigServletWebServerApplicationContext : Exception encountered during context initialization - cancelling refresh attempt: org.springframework.context.ApplicationContextException: Failed to start bean 'webServerStartStop'
2024-10-25T14:38:07.018+05:30  INFO 273260 --- [Budget] [restartedMain] j.LocalContainerEntityManagerFactoryBean : Closing JPA EntityManagerFactory for persistence unit 'default'
2024-10-25T14:38:07.018+05:30  INFO 273260 --- [Budget] [restartedMain] com.zaxxer.hikari.HikariDataSource       : HikariPool-1 - Shutdown initiated...
2024-10-25T14:38:07.027+05:30  INFO 273260 --- [Budget] [restartedMain] com.zaxxer.hikari.HikariDataSource       : HikariPool-1 - Shutdown completed.
2024-10-25T14:38:07.051+05:30  INFO 273260 --- [Budget] [restartedMain] .s.b.a.l.ConditionEvaluationReportLogger : 

Error starting ApplicationContext. To display the condition evaluation report re-run your application with 'debug' enabled.
2024-10-25T14:38:07.092+05:30 ERROR 273260 --- [Budget] [restartedMain] o.s.b.d.LoggingFailureAnalysisReporter   : 

***************************
APPLICATION FAILED TO START
***************************

Description:

Web server failed to start. Port 8080 was already in use.

Action:

Identify and stop the process that's listening on port 8080 or configure this application to listen on another port.

2024-10-25T15:18:06.752+05:30  INFO 288440 --- [Budget] [restartedMain] com.budgetapp.BudgetApplication          : Starting BudgetApplication using Java 21.0.1 with PID 288440 (C:\Users\shlok\Downloads\Budget (1)\Budget\target\classes started by shlok in C:\Users\shlok\Downloads\Budget (1))
2024-10-25T15:18:06.754+05:30 DEBUG 288440 --- [Budget] [restartedMain] com.budgetapp.BudgetApplication          : Running with Spring Boot v3.3.5, Spring v6.1.14
2024-10-25T15:18:06.755+05:30  INFO 288440 --- [Budget] [restartedMain] com.budgetapp.BudgetApplication          : No active profile set, falling back to 1 default profile: "default"
2024-10-25T15:18:06.805+05:30  INFO 288440 --- [Budget] [restartedMain] .e.DevToolsPropertyDefaultsPostProcessor : Devtools property defaults active! Set 'spring.devtools.add-properties' to 'false' to disable
2024-10-25T15:18:06.806+05:30  INFO 288440 --- [Budget] [restartedMain] .e.DevToolsPropertyDefaultsPostProcessor : For additional web related logging consider setting the 'logging.level.web' property to 'DEBUG'
2024-10-25T15:18:07.534+05:30  INFO 288440 --- [Budget] [restartedMain] .s.d.r.c.RepositoryConfigurationDelegate : Bootstrapping Spring Data JPA repositories in DEFAULT mode.
2024-10-25T15:18:07.587+05:30  INFO 288440 --- [Budget] [restartedMain] .s.d.r.c.RepositoryConfigurationDelegate : Finished Spring Data repository scanning in 46 ms. Found 1 JPA repository interface.
2024-10-25T15:18:08.140+05:30  INFO 288440 --- [Budget] [restartedMain] o.s.b.w.embedded.tomcat.TomcatWebServer  : Tomcat initialized with port 8080 (http)
2024-10-25T15:18:08.154+05:30  INFO 288440 --- [Budget] [restartedMain] o.apache.catalina.core.StandardService   : Starting service [Tomcat]
2024-10-25T15:18:08.155+05:30  INFO 288440 --- [Budget] [restartedMain] o.apache.catalina.core.StandardEngine    : Starting Servlet engine: [Apache Tomcat/10.1.31]
2024-10-25T15:18:08.209+05:30  INFO 288440 --- [Budget] [restartedMain] o.a.c.c.C.[Tomcat].[localhost].[/]       : Initializing Spring embedded WebApplicationContext
2024-10-25T15:18:08.209+05:30  INFO 288440 --- [Budget] [restartedMain] w.s.c.ServletWebServerApplicationContext : Root WebApplicationContext: initialization completed in 1402 ms
2024-10-25T15:18:08.371+05:30  INFO 288440 --- [Budget] [restartedMain] o.hibernate.jpa.internal.util.LogHelper  : HHH000204: Processing PersistenceUnitInfo [name: default]
2024-10-25T15:18:08.448+05:30  INFO 288440 --- [Budget] [restartedMain] org.hibernate.Version                    : HHH000412: Hibernate ORM core version 6.5.3.Final
2024-10-25T15:18:08.489+05:30  INFO 288440 --- [Budget] [restartedMain] o.h.c.internal.RegionFactoryInitiator    : HHH000026: Second-level cache disabled
2024-10-25T15:18:08.757+05:30  INFO 288440 --- [Budget] [restartedMain] o.s.o.j.p.SpringPersistenceUnitInfo      : No LoadTimeWeaver setup: ignoring JPA class transformer
2024-10-25T15:18:08.791+05:30  INFO 288440 --- [Budget] [restartedMain] com.zaxxer.hikari.HikariDataSource       : HikariPool-1 - Starting...
2024-10-25T15:18:08.972+05:30  INFO 288440 --- [Budget] [restartedMain] com.zaxxer.hikari.pool.HikariPool        : HikariPool-1 - Added connection org.postgresql.jdbc.PgConnection@87d87c
2024-10-25T15:18:08.975+05:30  INFO 288440 --- [Budget] [restartedMain] com.zaxxer.hikari.HikariDataSource       : HikariPool-1 - Start completed.
2024-10-25T15:18:09.009+05:30  WARN 288440 --- [Budget] [restartedMain] org.hibernate.orm.deprecation            : HHH90000025: PostgreSQLDialect does not need to be specified explicitly using 'hibernate.dialect' (remove the property setting and it will be selected by default)
2024-10-25T15:18:09.696+05:30  INFO 288440 --- [Budget] [restartedMain] o.h.e.t.j.p.i.JtaPlatformInitiator       : HHH000489: No JTA platform available (set 'hibernate.transaction.jta.platform' to enable JTA platform integration)
2024-10-25T15:18:09.744+05:30  INFO 288440 --- [Budget] [restartedMain] j.LocalContainerEntityManagerFactoryBean : Initialized JPA EntityManagerFactory for persistence unit 'default'
2024-10-25T15:18:10.120+05:30  WARN 288440 --- [Budget] [restartedMain] JpaBaseConfiguration$JpaWebConfiguration : spring.jpa.open-in-view is enabled by default. Therefore, database queries may be performed during view rendering. Explicitly configure spring.jpa.open-in-view to disable this warning
2024-10-25T15:18:10.549+05:30  WARN 288440 --- [Budget] [restartedMain] o.s.b.d.a.OptionalLiveReloadServer       : Unable to start LiveReload server
2024-10-25T15:18:10.567+05:30  WARN 288440 --- [Budget] [restartedMain] ConfigServletWebServerApplicationContext : Exception encountered during context initialization - cancelling refresh attempt: org.springframework.context.ApplicationContextException: Failed to start bean 'webServerStartStop'
2024-10-25T15:18:10.569+05:30  INFO 288440 --- [Budget] [restartedMain] j.LocalContainerEntityManagerFactoryBean : Closing JPA EntityManagerFactory for persistence unit 'default'
2024-10-25T15:18:10.573+05:30  INFO 288440 --- [Budget] [restartedMain] com.zaxxer.hikari.HikariDataSource       : HikariPool-1 - Shutdown initiated...
2024-10-25T15:18:10.576+05:30  INFO 288440 --- [Budget] [restartedMain] com.zaxxer.hikari.HikariDataSource       : HikariPool-1 - Shutdown completed.
2024-10-25T15:18:10.593+05:30  INFO 288440 --- [Budget] [restartedMain] .s.b.a.l.ConditionEvaluationReportLogger : 

Error starting ApplicationContext. To display the condition evaluation report re-run your application with 'debug' enabled.
2024-10-25T15:18:10.613+05:30 ERROR 288440 --- [Budget] [restartedMain] o.s.b.d.LoggingFailureAnalysisReporter   : 

***************************
APPLICATION FAILED TO START
***************************

Description:

Web server failed to start. Port 8080 was already in use.

Action:

Identify and stop the process that's listening on port 8080 or configure this application to listen on another port.

2024-10-25T15:20:51.686+05:30  INFO 277784 --- [Budget] [http-nio-8080-exec-6] c.budgetapp.controller.BudgetController  : Fetching budget with id: 4
2024-10-25T15:21:20.019+05:30  INFO 277784 --- [Budget] [http-nio-8080-exec-10] c.budgetapp.controller.BudgetController  : Updating budget with id: 4
2024-10-25T15:21:21.119+05:30  INFO 277784 --- [Budget] [http-nio-8080-exec-2] c.budgetapp.controller.BudgetController  : Updating budget with id: 4
2024-10-25T15:21:30.400+05:30  INFO 277784 --- [Budget] [http-nio-8080-exec-3] c.budgetapp.controller.BudgetController  : Fetching budget with id: 4
2024-10-25T15:21:50.764+05:30  INFO 277784 --- [Budget] [http-nio-8080-exec-1] c.budgetapp.controller.BudgetController  : Fetching budget with id: 4
2024-10-25T15:21:51.619+05:30  INFO 277784 --- [Budget] [http-nio-8080-exec-3] c.budgetapp.controller.BudgetController  : Fetching budget with id: 4
2024-10-25T15:22:35.671+05:30  WARN 277784 --- [Budget] [http-nio-8080-exec-4] .w.s.m.s.DefaultHandlerExceptionResolver : Resolved [org.springframework.http.converter.HttpMessageNotReadableException: JSON parse error: Invalid numeric value: Leading zeroes not allowed]
2024-10-25T15:22:36.705+05:30  WARN 277784 --- [Budget] [http-nio-8080-exec-6] .w.s.m.s.DefaultHandlerExceptionResolver : Resolved [org.springframework.http.converter.HttpMessageNotReadableException: JSON parse error: Invalid numeric value: Leading zeroes not allowed]
2024-10-25T15:22:49.046+05:30  INFO 277784 --- [Budget] [http-nio-8080-exec-8] c.budgetapp.controller.BudgetController  : Fetching budget with id: 4
2024-10-25T15:22:55.911+05:30  INFO 277784 --- [Budget] [http-nio-8080-exec-10] c.budgetapp.controller.BudgetController  : Fetching budget with id: 4
2024-10-25T15:22:56.416+05:30  INFO 277784 --- [Budget] [http-nio-8080-exec-5] c.budgetapp.controller.BudgetController  : Fetching budget with id: 4
2024-10-25T15:22:56.632+05:30  INFO 277784 --- [Budget] [http-nio-8080-exec-1] c.budgetapp.controller.BudgetController  : Fetching budget with id: 4
2024-10-25T15:22:56.852+05:30  INFO 277784 --- [Budget] [http-nio-8080-exec-3] c.budgetapp.controller.BudgetController  : Fetching budget with id: 4
2024-10-25T15:23:33.161+05:30  INFO 280864 --- [Budget] [restartedMain] com.budgetapp.BudgetApplication          : Starting BudgetApplication using Java 21.0.1 with PID 280864 (C:\Users\shlok\Downloads\Budget (1)\Budget\target\classes started by shlok in C:\Users\shlok\Downloads\Budget (1))
2024-10-25T15:23:33.164+05:30 DEBUG 280864 --- [Budget] [restartedMain] com.budgetapp.BudgetApplication          : Running with Spring Boot v3.3.5, Spring v6.1.14
2024-10-25T15:23:33.165+05:30  INFO 280864 --- [Budget] [restartedMain] com.budgetapp.BudgetApplication          : No active profile set, falling back to 1 default profile: "default"
2024-10-25T15:23:33.215+05:30  INFO 280864 --- [Budget] [restartedMain] .e.DevToolsPropertyDefaultsPostProcessor : Devtools property defaults active! Set 'spring.devtools.add-properties' to 'false' to disable
2024-10-25T15:23:33.216+05:30  INFO 280864 --- [Budget] [restartedMain] .e.DevToolsPropertyDefaultsPostProcessor : For additional web related logging consider setting the 'logging.level.web' property to 'DEBUG'
2024-10-25T15:23:33.978+05:30  INFO 280864 --- [Budget] [restartedMain] .s.d.r.c.RepositoryConfigurationDelegate : Bootstrapping Spring Data JPA repositories in DEFAULT mode.
2024-10-25T15:23:34.034+05:30  INFO 280864 --- [Budget] [restartedMain] .s.d.r.c.RepositoryConfigurationDelegate : Finished Spring Data repository scanning in 48 ms. Found 1 JPA repository interface.
2024-10-25T15:23:34.658+05:30  INFO 280864 --- [Budget] [restartedMain] o.s.b.w.embedded.tomcat.TomcatWebServer  : Tomcat initialized with port 8080 (http)
2024-10-25T15:23:34.675+05:30  INFO 280864 --- [Budget] [restartedMain] o.apache.catalina.core.StandardService   : Starting service [Tomcat]
2024-10-25T15:23:34.675+05:30  INFO 280864 --- [Budget] [restartedMain] o.apache.catalina.core.StandardEngine    : Starting Servlet engine: [Apache Tomcat/10.1.31]
2024-10-25T15:23:34.734+05:30  INFO 280864 --- [Budget] [restartedMain] o.a.c.c.C.[Tomcat].[localhost].[/]       : Initializing Spring embedded WebApplicationContext
2024-10-25T15:23:34.735+05:30  INFO 280864 --- [Budget] [restartedMain] w.s.c.ServletWebServerApplicationContext : Root WebApplicationContext: initialization completed in 1518 ms
2024-10-25T15:23:34.903+05:30  INFO 280864 --- [Budget] [restartedMain] o.hibernate.jpa.internal.util.LogHelper  : HHH000204: Processing PersistenceUnitInfo [name: default]
2024-10-25T15:23:34.975+05:30  INFO 280864 --- [Budget] [restartedMain] org.hibernate.Version                    : HHH000412: Hibernate ORM core version 6.5.3.Final
2024-10-25T15:23:35.012+05:30  INFO 280864 --- [Budget] [restartedMain] o.h.c.internal.RegionFactoryInitiator    : HHH000026: Second-level cache disabled
2024-10-25T15:23:35.362+05:30  INFO 280864 --- [Budget] [restartedMain] o.s.o.j.p.SpringPersistenceUnitInfo      : No LoadTimeWeaver setup: ignoring JPA class transformer
2024-10-25T15:23:35.399+05:30  INFO 280864 --- [Budget] [restartedMain] com.zaxxer.hikari.HikariDataSource       : HikariPool-1 - Starting...
2024-10-25T15:23:35.713+05:30  INFO 280864 --- [Budget] [restartedMain] com.zaxxer.hikari.pool.HikariPool        : HikariPool-1 - Added connection org.postgresql.jdbc.PgConnection@7be22031
2024-10-25T15:23:35.716+05:30  INFO 280864 --- [Budget] [restartedMain] com.zaxxer.hikari.HikariDataSource       : HikariPool-1 - Start completed.
2024-10-25T15:23:35.765+05:30  WARN 280864 --- [Budget] [restartedMain] org.hibernate.orm.deprecation            : HHH90000025: PostgreSQLDialect does not need to be specified explicitly using 'hibernate.dialect' (remove the property setting and it will be selected by default)
2024-10-25T15:23:36.651+05:30  INFO 280864 --- [Budget] [restartedMain] o.h.e.t.j.p.i.JtaPlatformInitiator       : HHH000489: No JTA platform available (set 'hibernate.transaction.jta.platform' to enable JTA platform integration)
2024-10-25T15:23:36.728+05:30  INFO 280864 --- [Budget] [restartedMain] j.LocalContainerEntityManagerFactoryBean : Initialized JPA EntityManagerFactory for persistence unit 'default'
2024-10-25T15:23:37.096+05:30  WARN 280864 --- [Budget] [restartedMain] JpaBaseConfiguration$JpaWebConfiguration : spring.jpa.open-in-view is enabled by default. Therefore, database queries may be performed during view rendering. Explicitly configure spring.jpa.open-in-view to disable this warning
2024-10-25T15:23:37.539+05:30  INFO 280864 --- [Budget] [restartedMain] o.s.b.d.a.OptionalLiveReloadServer       : LiveReload server is running on port 35729
2024-10-25T15:23:37.573+05:30  INFO 280864 --- [Budget] [restartedMain] o.s.b.w.embedded.tomcat.TomcatWebServer  : Tomcat started on port 8080 (http) with context path '/'
2024-10-25T15:23:37.582+05:30  INFO 280864 --- [Budget] [restartedMain] com.budgetapp.BudgetApplication          : Started BudgetApplication in 4.766 seconds (process running for 5.139)
2024-10-25T15:23:45.088+05:30  INFO 280864 --- [Budget] [http-nio-8080-exec-1] o.a.c.c.C.[Tomcat].[localhost].[/]       : Initializing Spring DispatcherServlet 'dispatcherServlet'
2024-10-25T15:23:45.089+05:30  INFO 280864 --- [Budget] [http-nio-8080-exec-1] o.s.web.servlet.DispatcherServlet        : Initializing Servlet 'dispatcherServlet'
2024-10-25T15:23:45.092+05:30  INFO 280864 --- [Budget] [http-nio-8080-exec-1] o.s.web.servlet.DispatcherServlet        : Completed initialization in 0 ms
2024-10-25T15:23:45.510+05:30  INFO 280864 --- [Budget] [http-nio-8080-exec-4] o.springdoc.api.AbstractOpenApiResource  : Init duration for springdoc-openapi is: 186 ms
2024-10-25T15:23:59.143+05:30  INFO 280864 --- [Budget] [http-nio-8080-exec-7] c.budgetapp.controller.BudgetController  : Fetching budget with id: 1
2024-10-25T15:24:21.542+05:30  INFO 280864 --- [Budget] [http-nio-8080-exec-9] c.budgetapp.controller.BudgetController  : Updating budget with id: 1
2024-10-25T15:24:24.016+05:30  INFO 280864 --- [Budget] [http-nio-8080-exec-10] c.budgetapp.controller.BudgetController  : Updating budget with id: 1
2024-10-25T15:24:30.039+05:30  INFO 280864 --- [Budget] [http-nio-8080-exec-1] c.budgetapp.controller.BudgetController  : Fetching budget with id: 1
2024-10-25T15:24:48.644+05:30  INFO 280864 --- [Budget] [http-nio-8080-exec-3] c.budgetapp.controller.BudgetController  : Fetching all budgets
2024-10-25T15:27:51.098+05:30  INFO 280864 --- [Budget] [File Watcher] rtingClassPathChangeChangedEventListener : Restarting due to 1 class path change (0 additions, 0 deletions, 1 modification)
2024-10-25T15:27:51.105+05:30  INFO 280864 --- [Budget] [Thread-5] j.LocalContainerEntityManagerFactoryBean : Closing JPA EntityManagerFactory for persistence unit 'default'
2024-10-25T15:27:51.109+05:30  INFO 280864 --- [Budget] [Thread-5] com.zaxxer.hikari.HikariDataSource       : HikariPool-1 - Shutdown initiated...
2024-10-25T15:27:51.112+05:30  INFO 280864 --- [Budget] [Thread-5] com.zaxxer.hikari.HikariDataSource       : HikariPool-1 - Shutdown completed.
2024-10-25T15:27:51.198+05:30  INFO 280864 --- [Budget] [restartedMain] com.budgetapp.BudgetApplication          : Starting BudgetApplication using Java 21.0.1 with PID 280864 (C:\Users\shlok\Downloads\Budget (1)\Budget\target\classes started by shlok in C:\Users\shlok\Downloads\Budget (1))
2024-10-25T15:27:51.199+05:30 DEBUG 280864 --- [Budget] [restartedMain] com.budgetapp.BudgetApplication          : Running with Spring Boot v3.3.5, Spring v6.1.14
2024-10-25T15:27:51.199+05:30  INFO 280864 --- [Budget] [restartedMain] com.budgetapp.BudgetApplication          : No active profile set, falling back to 1 default profile: "default"
2024-10-25T15:27:51.365+05:30  INFO 280864 --- [Budget] [restartedMain] .s.d.r.c.RepositoryConfigurationDelegate : Bootstrapping Spring Data JPA repositories in DEFAULT mode.
2024-10-25T15:27:51.374+05:30  INFO 280864 --- [Budget] [restartedMain] .s.d.r.c.RepositoryConfigurationDelegate : Finished Spring Data repository scanning in 8 ms. Found 1 JPA repository interface.
2024-10-25T15:27:51.444+05:30  INFO 280864 --- [Budget] [restartedMain] o.s.b.w.embedded.tomcat.TomcatWebServer  : Tomcat initialized with port 8080 (http)
2024-10-25T15:27:51.445+05:30  INFO 280864 --- [Budget] [restartedMain] o.apache.catalina.core.StandardService   : Starting service [Tomcat]
2024-10-25T15:27:51.445+05:30  INFO 280864 --- [Budget] [restartedMain] o.apache.catalina.core.StandardEngine    : Starting Servlet engine: [Apache Tomcat/10.1.31]
2024-10-25T15:27:51.465+05:30  INFO 280864 --- [Budget] [restartedMain] o.a.c.c.C.[Tomcat].[localhost].[/]       : Initializing Spring embedded WebApplicationContext
2024-10-25T15:27:51.466+05:30  INFO 280864 --- [Budget] [restartedMain] w.s.c.ServletWebServerApplicationContext : Root WebApplicationContext: initialization completed in 266 ms
2024-10-25T15:27:51.492+05:30  INFO 280864 --- [Budget] [restartedMain] o.hibernate.jpa.internal.util.LogHelper  : HHH000204: Processing PersistenceUnitInfo [name: default]
2024-10-25T15:27:51.497+05:30  INFO 280864 --- [Budget] [restartedMain] o.h.c.internal.RegionFactoryInitiator    : HHH000026: Second-level cache disabled
2024-10-25T15:27:51.506+05:30  INFO 280864 --- [Budget] [restartedMain] o.s.o.j.p.SpringPersistenceUnitInfo      : No LoadTimeWeaver setup: ignoring JPA class transformer
2024-10-25T15:27:51.508+05:30  INFO 280864 --- [Budget] [restartedMain] com.zaxxer.hikari.HikariDataSource       : HikariPool-2 - Starting...
2024-10-25T15:27:51.543+05:30  INFO 280864 --- [Budget] [restartedMain] com.zaxxer.hikari.pool.HikariPool        : HikariPool-2 - Added connection org.postgresql.jdbc.PgConnection@5fe506c4
2024-10-25T15:27:51.543+05:30  INFO 280864 --- [Budget] [restartedMain] com.zaxxer.hikari.HikariDataSource       : HikariPool-2 - Start completed.
2024-10-25T15:27:51.549+05:30  WARN 280864 --- [Budget] [restartedMain] org.hibernate.orm.deprecation            : HHH90000025: PostgreSQLDialect does not need to be specified explicitly using 'hibernate.dialect' (remove the property setting and it will be selected by default)
2024-10-25T15:27:51.582+05:30  INFO 280864 --- [Budget] [restartedMain] o.h.e.t.j.p.i.JtaPlatformInitiator       : HHH000489: No JTA platform available (set 'hibernate.transaction.jta.platform' to enable JTA platform integration)
2024-10-25T15:27:51.604+05:30  INFO 280864 --- [Budget] [restartedMain] j.LocalContainerEntityManagerFactoryBean : Initialized JPA EntityManagerFactory for persistence unit 'default'
2024-10-25T15:27:51.656+05:30  WARN 280864 --- [Budget] [restartedMain] JpaBaseConfiguration$JpaWebConfiguration : spring.jpa.open-in-view is enabled by default. Therefore, database queries may be performed during view rendering. Explicitly configure spring.jpa.open-in-view to disable this warning
2024-10-25T15:27:51.738+05:30  INFO 280864 --- [Budget] [restartedMain] o.s.b.d.a.OptionalLiveReloadServer       : LiveReload server is running on port 35729
2024-10-25T15:27:51.745+05:30  INFO 280864 --- [Budget] [restartedMain] o.s.b.w.embedded.tomcat.TomcatWebServer  : Tomcat started on port 8080 (http) with context path '/'
2024-10-25T15:27:51.749+05:30  INFO 280864 --- [Budget] [restartedMain] com.budgetapp.BudgetApplication          : Started BudgetApplication in 0.575 seconds (process running for 259.306)
2024-10-25T15:27:51.752+05:30  INFO 280864 --- [Budget] [restartedMain] .ConditionEvaluationDeltaLoggingListener : Condition evaluation unchanged
2024-10-25T15:28:00.260+05:30  INFO 280864 --- [Budget] [File Watcher] rtingClassPathChangeChangedEventListener : Restarting due to 1 class path change (0 additions, 0 deletions, 1 modification)
2024-10-25T15:28:00.266+05:30  INFO 280864 --- [Budget] [Thread-7] j.LocalContainerEntityManagerFactoryBean : Closing JPA EntityManagerFactory for persistence unit 'default'
2024-10-25T15:28:00.267+05:30  INFO 280864 --- [Budget] [Thread-7] com.zaxxer.hikari.HikariDataSource       : HikariPool-2 - Shutdown initiated...
2024-10-25T15:28:00.268+05:30  INFO 280864 --- [Budget] [Thread-7] com.zaxxer.hikari.HikariDataSource       : HikariPool-2 - Shutdown completed.
2024-10-25T15:28:00.345+05:30  INFO 280864 --- [Budget] [restartedMain] com.budgetapp.BudgetApplication          : Starting BudgetApplication using Java 21.0.1 with PID 280864 (C:\Users\shlok\Downloads\Budget (1)\Budget\target\classes started by shlok in C:\Users\shlok\Downloads\Budget (1))
2024-10-25T15:28:00.346+05:30 DEBUG 280864 --- [Budget] [restartedMain] com.budgetapp.BudgetApplication          : Running with Spring Boot v3.3.5, Spring v6.1.14
2024-10-25T15:28:00.346+05:30  INFO 280864 --- [Budget] [restartedMain] com.budgetapp.BudgetApplication          : No active profile set, falling back to 1 default profile: "default"
2024-10-25T15:28:00.487+05:30  INFO 280864 --- [Budget] [restartedMain] .s.d.r.c.RepositoryConfigurationDelegate : Bootstrapping Spring Data JPA repositories in DEFAULT mode.
2024-10-25T15:28:00.496+05:30  INFO 280864 --- [Budget] [restartedMain] .s.d.r.c.RepositoryConfigurationDelegate : Finished Spring Data repository scanning in 7 ms. Found 1 JPA repository interface.
2024-10-25T15:28:00.553+05:30  INFO 280864 --- [Budget] [restartedMain] o.s.b.w.embedded.tomcat.TomcatWebServer  : Tomcat initialized with port 8080 (http)
2024-10-25T15:28:00.554+05:30  INFO 280864 --- [Budget] [restartedMain] o.apache.catalina.core.StandardService   : Starting service [Tomcat]
2024-10-25T15:28:00.554+05:30  INFO 280864 --- [Budget] [restartedMain] o.apache.catalina.core.StandardEngine    : Starting Servlet engine: [Apache Tomcat/10.1.31]
2024-10-25T15:28:00.571+05:30  INFO 280864 --- [Budget] [restartedMain] o.a.c.c.C.[Tomcat].[localhost].[/]       : Initializing Spring embedded WebApplicationContext
2024-10-25T15:28:00.572+05:30  INFO 280864 --- [Budget] [restartedMain] w.s.c.ServletWebServerApplicationContext : Root WebApplicationContext: initialization completed in 224 ms
2024-10-25T15:28:00.593+05:30  INFO 280864 --- [Budget] [restartedMain] o.hibernate.jpa.internal.util.LogHelper  : HHH000204: Processing PersistenceUnitInfo [name: default]
2024-10-25T15:28:00.597+05:30  INFO 280864 --- [Budget] [restartedMain] o.h.c.internal.RegionFactoryInitiator    : HHH000026: Second-level cache disabled
2024-10-25T15:28:00.603+05:30  INFO 280864 --- [Budget] [restartedMain] o.s.o.j.p.SpringPersistenceUnitInfo      : No LoadTimeWeaver setup: ignoring JPA class transformer
2024-10-25T15:28:00.605+05:30  INFO 280864 --- [Budget] [restartedMain] com.zaxxer.hikari.HikariDataSource       : HikariPool-3 - Starting...
2024-10-25T15:28:00.638+05:30  INFO 280864 --- [Budget] [restartedMain] com.zaxxer.hikari.pool.HikariPool        : HikariPool-3 - Added connection org.postgresql.jdbc.PgConnection@24f85a88
2024-10-25T15:28:00.639+05:30  INFO 280864 --- [Budget] [restartedMain] com.zaxxer.hikari.HikariDataSource       : HikariPool-3 - Start completed.
2024-10-25T15:28:00.644+05:30  WARN 280864 --- [Budget] [restartedMain] org.hibernate.orm.deprecation            : HHH90000025: PostgreSQLDialect does not need to be specified explicitly using 'hibernate.dialect' (remove the property setting and it will be selected by default)
2024-10-25T15:28:00.677+05:30  INFO 280864 --- [Budget] [restartedMain] o.h.e.t.j.p.i.JtaPlatformInitiator       : HHH000489: No JTA platform available (set 'hibernate.transaction.jta.platform' to enable JTA platform integration)
2024-10-25T15:28:00.693+05:30  INFO 280864 --- [Budget] [restartedMain] j.LocalContainerEntityManagerFactoryBean : Initialized JPA EntityManagerFactory for persistence unit 'default'
2024-10-25T15:28:00.746+05:30  WARN 280864 --- [Budget] [restartedMain] JpaBaseConfiguration$JpaWebConfiguration : spring.jpa.open-in-view is enabled by default. Therefore, database queries may be performed during view rendering. Explicitly configure spring.jpa.open-in-view to disable this warning
2024-10-25T15:28:00.811+05:30  INFO 280864 --- [Budget] [restartedMain] o.s.b.d.a.OptionalLiveReloadServer       : LiveReload server is running on port 35729
2024-10-25T15:28:00.819+05:30  INFO 280864 --- [Budget] [restartedMain] o.s.b.w.embedded.tomcat.TomcatWebServer  : Tomcat started on port 8080 (http) with context path '/'
2024-10-25T15:28:00.823+05:30  INFO 280864 --- [Budget] [restartedMain] com.budgetapp.BudgetApplication          : Started BudgetApplication in 0.498 seconds (process running for 268.379)
2024-10-25T15:28:00.824+05:30  INFO 280864 --- [Budget] [restartedMain] .ConditionEvaluationDeltaLoggingListener : Condition evaluation unchanged
2024-10-25T15:28:07.284+05:30  INFO 280864 --- [Budget] [File Watcher] rtingClassPathChangeChangedEventListener : Restarting due to 1 class path change (0 additions, 0 deletions, 1 modification)
2024-10-25T15:28:07.290+05:30  INFO 280864 --- [Budget] [Thread-11] j.LocalContainerEntityManagerFactoryBean : Closing JPA EntityManagerFactory for persistence unit 'default'
2024-10-25T15:28:07.290+05:30  INFO 280864 --- [Budget] [Thread-11] com.zaxxer.hikari.HikariDataSource       : HikariPool-3 - Shutdown initiated...
2024-10-25T15:28:07.291+05:30  INFO 280864 --- [Budget] [Thread-11] com.zaxxer.hikari.HikariDataSource       : HikariPool-3 - Shutdown completed.
2024-10-25T15:28:07.356+05:30  INFO 280864 --- [Budget] [restartedMain] com.budgetapp.BudgetApplication          : Starting BudgetApplication using Java 21.0.1 with PID 280864 (C:\Users\shlok\Downloads\Budget (1)\Budget\target\classes started by shlok in C:\Users\shlok\Downloads\Budget (1))
2024-10-25T15:28:07.356+05:30 DEBUG 280864 --- [Budget] [restartedMain] com.budgetapp.BudgetApplication          : Running with Spring Boot v3.3.5, Spring v6.1.14
2024-10-25T15:28:07.357+05:30  INFO 280864 --- [Budget] [restartedMain] com.budgetapp.BudgetApplication          : No active profile set, falling back to 1 default profile: "default"
2024-10-25T15:28:07.480+05:30  INFO 280864 --- [Budget] [restartedMain] .s.d.r.c.RepositoryConfigurationDelegate : Bootstrapping Spring Data JPA repositories in DEFAULT mode.
2024-10-25T15:28:07.487+05:30  INFO 280864 --- [Budget] [restartedMain] .s.d.r.c.RepositoryConfigurationDelegate : Finished Spring Data repository scanning in 6 ms. Found 1 JPA repository interface.
2024-10-25T15:28:07.538+05:30  INFO 280864 --- [Budget] [restartedMain] o.s.b.w.embedded.tomcat.TomcatWebServer  : Tomcat initialized with port 8080 (http)
2024-10-25T15:28:07.539+05:30  INFO 280864 --- [Budget] [restartedMain] o.apache.catalina.core.StandardService   : Starting service [Tomcat]
2024-10-25T15:28:07.539+05:30  INFO 280864 --- [Budget] [restartedMain] o.apache.catalina.core.StandardEngine    : Starting Servlet engine: [Apache Tomcat/10.1.31]
2024-10-25T15:28:07.554+05:30  INFO 280864 --- [Budget] [restartedMain] o.a.c.c.C.[Tomcat].[localhost].[/]       : Initializing Spring embedded WebApplicationContext
2024-10-25T15:28:07.555+05:30  INFO 280864 --- [Budget] [restartedMain] w.s.c.ServletWebServerApplicationContext : Root WebApplicationContext: initialization completed in 197 ms
2024-10-25T15:28:07.578+05:30  INFO 280864 --- [Budget] [restartedMain] o.hibernate.jpa.internal.util.LogHelper  : HHH000204: Processing PersistenceUnitInfo [name: default]
2024-10-25T15:28:07.580+05:30  INFO 280864 --- [Budget] [restartedMain] o.h.c.internal.RegionFactoryInitiator    : HHH000026: Second-level cache disabled
2024-10-25T15:28:07.588+05:30  INFO 280864 --- [Budget] [restartedMain] o.s.o.j.p.SpringPersistenceUnitInfo      : No LoadTimeWeaver setup: ignoring JPA class transformer
2024-10-25T15:28:07.589+05:30  INFO 280864 --- [Budget] [restartedMain] com.zaxxer.hikari.HikariDataSource       : HikariPool-4 - Starting...
2024-10-25T15:28:07.726+05:30  INFO 280864 --- [Budget] [restartedMain] com.zaxxer.hikari.pool.HikariPool        : HikariPool-4 - Added connection org.postgresql.jdbc.PgConnection@3b329daa
2024-10-25T15:28:07.726+05:30  INFO 280864 --- [Budget] [restartedMain] com.zaxxer.hikari.HikariDataSource       : HikariPool-4 - Start completed.
2024-10-25T15:28:07.731+05:30  WARN 280864 --- [Budget] [restartedMain] org.hibernate.orm.deprecation            : HHH90000025: PostgreSQLDialect does not need to be specified explicitly using 'hibernate.dialect' (remove the property setting and it will be selected by default)
2024-10-25T15:28:07.755+05:30  INFO 280864 --- [Budget] [restartedMain] o.h.e.t.j.p.i.JtaPlatformInitiator       : HHH000489: No JTA platform available (set 'hibernate.transaction.jta.platform' to enable JTA platform integration)
2024-10-25T15:28:07.770+05:30  INFO 280864 --- [Budget] [restartedMain] j.LocalContainerEntityManagerFactoryBean : Initialized JPA EntityManagerFactory for persistence unit 'default'
2024-10-25T15:28:07.809+05:30  WARN 280864 --- [Budget] [restartedMain] JpaBaseConfiguration$JpaWebConfiguration : spring.jpa.open-in-view is enabled by default. Therefore, database queries may be performed during view rendering. Explicitly configure spring.jpa.open-in-view to disable this warning
2024-10-25T15:28:07.859+05:30  INFO 280864 --- [Budget] [restartedMain] o.s.b.d.a.OptionalLiveReloadServer       : LiveReload server is running on port 35729
2024-10-25T15:28:07.863+05:30  INFO 280864 --- [Budget] [restartedMain] o.s.b.w.embedded.tomcat.TomcatWebServer  : Tomcat started on port 8080 (http) with context path '/'
2024-10-25T15:28:07.865+05:30  INFO 280864 --- [Budget] [restartedMain] com.budgetapp.BudgetApplication          : Started BudgetApplication in 0.526 seconds (process running for 275.422)
2024-10-25T15:28:07.866+05:30  INFO 280864 --- [Budget] [restartedMain] .ConditionEvaluationDeltaLoggingListener : Condition evaluation unchanged
2024-10-25T15:28:15.350+05:30  INFO 280864 --- [Budget] [File Watcher] rtingClassPathChangeChangedEventListener : Restarting due to 1 class path change (0 additions, 0 deletions, 1 modification)
2024-10-25T15:28:15.356+05:30  INFO 280864 --- [Budget] [Thread-15] j.LocalContainerEntityManagerFactoryBean : Closing JPA EntityManagerFactory for persistence unit 'default'
2024-10-25T15:28:15.356+05:30  INFO 280864 --- [Budget] [Thread-15] com.zaxxer.hikari.HikariDataSource       : HikariPool-4 - Shutdown initiated...
2024-10-25T15:28:15.357+05:30  INFO 280864 --- [Budget] [Thread-15] com.zaxxer.hikari.HikariDataSource       : HikariPool-4 - Shutdown completed.
2024-10-25T15:28:15.430+05:30  INFO 280864 --- [Budget] [restartedMain] com.budgetapp.BudgetApplication          : Starting BudgetApplication using Java 21.0.1 with PID 280864 (C:\Users\shlok\Downloads\Budget (1)\Budget\target\classes started by shlok in C:\Users\shlok\Downloads\Budget (1))
2024-10-25T15:28:15.431+05:30 DEBUG 280864 --- [Budget] [restartedMain] com.budgetapp.BudgetApplication          : Running with Spring Boot v3.3.5, Spring v6.1.14
2024-10-25T15:28:15.431+05:30  INFO 280864 --- [Budget] [restartedMain] com.budgetapp.BudgetApplication          : No active profile set, falling back to 1 default profile: "default"
2024-10-25T15:28:15.547+05:30  INFO 280864 --- [Budget] [restartedMain] .s.d.r.c.RepositoryConfigurationDelegate : Bootstrapping Spring Data JPA repositories in DEFAULT mode.
2024-10-25T15:28:15.554+05:30  INFO 280864 --- [Budget] [restartedMain] .s.d.r.c.RepositoryConfigurationDelegate : Finished Spring Data repository scanning in 6 ms. Found 1 JPA repository interface.
2024-10-25T15:28:15.604+05:30  INFO 280864 --- [Budget] [restartedMain] o.s.b.w.embedded.tomcat.TomcatWebServer  : Tomcat initialized with port 8080 (http)
2024-10-25T15:28:15.605+05:30  INFO 280864 --- [Budget] [restartedMain] o.apache.catalina.core.StandardService   : Starting service [Tomcat]
2024-10-25T15:28:15.605+05:30  INFO 280864 --- [Budget] [restartedMain] o.apache.catalina.core.StandardEngine    : Starting Servlet engine: [Apache Tomcat/10.1.31]
2024-10-25T15:28:15.621+05:30  INFO 280864 --- [Budget] [restartedMain] o.a.c.c.C.[Tomcat].[localhost].[/]       : Initializing Spring embedded WebApplicationContext
2024-10-25T15:28:15.622+05:30  INFO 280864 --- [Budget] [restartedMain] w.s.c.ServletWebServerApplicationContext : Root WebApplicationContext: initialization completed in 190 ms
2024-10-25T15:28:15.641+05:30  INFO 280864 --- [Budget] [restartedMain] o.hibernate.jpa.internal.util.LogHelper  : HHH000204: Processing PersistenceUnitInfo [name: default]
2024-10-25T15:28:15.643+05:30  INFO 280864 --- [Budget] [restartedMain] o.h.c.internal.RegionFactoryInitiator    : HHH000026: Second-level cache disabled
2024-10-25T15:28:15.650+05:30  INFO 280864 --- [Budget] [restartedMain] o.s.o.j.p.SpringPersistenceUnitInfo      : No LoadTimeWeaver setup: ignoring JPA class transformer
2024-10-25T15:28:15.652+05:30  INFO 280864 --- [Budget] [restartedMain] com.zaxxer.hikari.HikariDataSource       : HikariPool-5 - Starting...
2024-10-25T15:28:15.683+05:30  INFO 280864 --- [Budget] [restartedMain] com.zaxxer.hikari.pool.HikariPool        : HikariPool-5 - Added connection org.postgresql.jdbc.PgConnection@384ff2f7
2024-10-25T15:28:15.683+05:30  INFO 280864 --- [Budget] [restartedMain] com.zaxxer.hikari.HikariDataSource       : HikariPool-5 - Start completed.
2024-10-25T15:28:15.689+05:30  WARN 280864 --- [Budget] [restartedMain] org.hibernate.orm.deprecation            : HHH90000025: PostgreSQLDialect does not need to be specified explicitly using 'hibernate.dialect' (remove the property setting and it will be selected by default)
2024-10-25T15:28:15.714+05:30  INFO 280864 --- [Budget] [restartedMain] o.h.e.t.j.p.i.JtaPlatformInitiator       : HHH000489: No JTA platform available (set 'hibernate.transaction.jta.platform' to enable JTA platform integration)
2024-10-25T15:28:15.729+05:30  INFO 280864 --- [Budget] [restartedMain] j.LocalContainerEntityManagerFactoryBean : Initialized JPA EntityManagerFactory for persistence unit 'default'
2024-10-25T15:28:15.769+05:30  WARN 280864 --- [Budget] [restartedMain] JpaBaseConfiguration$JpaWebConfiguration : spring.jpa.open-in-view is enabled by default. Therefore, database queries may be performed during view rendering. Explicitly configure spring.jpa.open-in-view to disable this warning
2024-10-25T15:28:15.831+05:30  INFO 280864 --- [Budget] [restartedMain] o.s.b.d.a.OptionalLiveReloadServer       : LiveReload server is running on port 35729
2024-10-25T15:28:15.838+05:30  INFO 280864 --- [Budget] [restartedMain] o.s.b.w.embedded.tomcat.TomcatWebServer  : Tomcat started on port 8080 (http) with context path '/'
2024-10-25T15:28:15.840+05:30  INFO 280864 --- [Budget] [restartedMain] com.budgetapp.BudgetApplication          : Started BudgetApplication in 0.428 seconds (process running for 283.396)
2024-10-25T15:28:15.841+05:30  INFO 280864 --- [Budget] [restartedMain] .ConditionEvaluationDeltaLoggingListener : Condition evaluation unchanged
2024-10-25T15:28:20.285+05:30  INFO 280864 --- [Budget] [File Watcher] rtingClassPathChangeChangedEventListener : Restarting due to 1 class path change (0 additions, 0 deletions, 1 modification)
2024-10-25T15:28:20.289+05:30  INFO 280864 --- [Budget] [Thread-19] j.LocalContainerEntityManagerFactoryBean : Closing JPA EntityManagerFactory for persistence unit 'default'
2024-10-25T15:28:20.290+05:30  INFO 280864 --- [Budget] [Thread-19] com.zaxxer.hikari.HikariDataSource       : HikariPool-5 - Shutdown initiated...
2024-10-25T15:28:20.291+05:30  INFO 280864 --- [Budget] [Thread-19] com.zaxxer.hikari.HikariDataSource       : HikariPool-5 - Shutdown completed.
2024-10-25T15:28:20.358+05:30  INFO 280864 --- [Budget] [restartedMain] com.budgetapp.BudgetApplication          : Starting BudgetApplication using Java 21.0.1 with PID 280864 (C:\Users\shlok\Downloads\Budget (1)\Budget\target\classes started by shlok in C:\Users\shlok\Downloads\Budget (1))
2024-10-25T15:28:20.358+05:30 DEBUG 280864 --- [Budget] [restartedMain] com.budgetapp.BudgetApplication          : Running with Spring Boot v3.3.5, Spring v6.1.14
2024-10-25T15:28:20.358+05:30  INFO 280864 --- [Budget] [restartedMain] com.budgetapp.BudgetApplication          : No active profile set, falling back to 1 default profile: "default"
2024-10-25T15:28:20.470+05:30  INFO 280864 --- [Budget] [restartedMain] .s.d.r.c.RepositoryConfigurationDelegate : Bootstrapping Spring Data JPA repositories in DEFAULT mode.
2024-10-25T15:28:20.478+05:30  INFO 280864 --- [Budget] [restartedMain] .s.d.r.c.RepositoryConfigurationDelegate : Finished Spring Data repository scanning in 6 ms. Found 1 JPA repository interface.
2024-10-25T15:28:20.529+05:30  INFO 280864 --- [Budget] [restartedMain] o.s.b.w.embedded.tomcat.TomcatWebServer  : Tomcat initialized with port 8080 (http)
2024-10-25T15:28:20.530+05:30  INFO 280864 --- [Budget] [restartedMain] o.apache.catalina.core.StandardService   : Starting service [Tomcat]
2024-10-25T15:28:20.530+05:30  INFO 280864 --- [Budget] [restartedMain] o.apache.catalina.core.StandardEngine    : Starting Servlet engine: [Apache Tomcat/10.1.31]
2024-10-25T15:28:20.546+05:30  INFO 280864 --- [Budget] [restartedMain] o.a.c.c.C.[Tomcat].[localhost].[/]       : Initializing Spring embedded WebApplicationContext
2024-10-25T15:28:20.546+05:30  INFO 280864 --- [Budget] [restartedMain] w.s.c.ServletWebServerApplicationContext : Root WebApplicationContext: initialization completed in 186 ms
2024-10-25T15:28:20.567+05:30  INFO 280864 --- [Budget] [restartedMain] o.hibernate.jpa.internal.util.LogHelper  : HHH000204: Processing PersistenceUnitInfo [name: default]
2024-10-25T15:28:20.569+05:30  INFO 280864 --- [Budget] [restartedMain] o.h.c.internal.RegionFactoryInitiator    : HHH000026: Second-level cache disabled
2024-10-25T15:28:20.576+05:30  INFO 280864 --- [Budget] [restartedMain] o.s.o.j.p.SpringPersistenceUnitInfo      : No LoadTimeWeaver setup: ignoring JPA class transformer
2024-10-25T15:28:20.577+05:30  INFO 280864 --- [Budget] [restartedMain] com.zaxxer.hikari.HikariDataSource       : HikariPool-6 - Starting...
2024-10-25T15:28:20.610+05:30  INFO 280864 --- [Budget] [restartedMain] com.zaxxer.hikari.pool.HikariPool        : HikariPool-6 - Added connection org.postgresql.jdbc.PgConnection@1cbad510
2024-10-25T15:28:20.611+05:30  INFO 280864 --- [Budget] [restartedMain] com.zaxxer.hikari.HikariDataSource       : HikariPool-6 - Start completed.
2024-10-25T15:28:20.616+05:30  WARN 280864 --- [Budget] [restartedMain] org.hibernate.orm.deprecation            : HHH90000025: PostgreSQLDialect does not need to be specified explicitly using 'hibernate.dialect' (remove the property setting and it will be selected by default)
2024-10-25T15:28:20.649+05:30  INFO 280864 --- [Budget] [restartedMain] o.h.e.t.j.p.i.JtaPlatformInitiator       : HHH000489: No JTA platform available (set 'hibernate.transaction.jta.platform' to enable JTA platform integration)
2024-10-25T15:28:20.664+05:30  INFO 280864 --- [Budget] [restartedMain] j.LocalContainerEntityManagerFactoryBean : Initialized JPA EntityManagerFactory for persistence unit 'default'
2024-10-25T15:28:20.711+05:30  WARN 280864 --- [Budget] [restartedMain] JpaBaseConfiguration$JpaWebConfiguration : spring.jpa.open-in-view is enabled by default. Therefore, database queries may be performed during view rendering. Explicitly configure spring.jpa.open-in-view to disable this warning
2024-10-25T15:28:20.759+05:30  INFO 280864 --- [Budget] [restartedMain] o.s.b.d.a.OptionalLiveReloadServer       : LiveReload server is running on port 35729
2024-10-25T15:28:20.764+05:30  INFO 280864 --- [Budget] [restartedMain] o.s.b.w.embedded.tomcat.TomcatWebServer  : Tomcat started on port 8080 (http) with context path '/'
2024-10-25T15:28:20.766+05:30  INFO 280864 --- [Budget] [restartedMain] com.budgetapp.BudgetApplication          : Started BudgetApplication in 0.426 seconds (process running for 288.323)
2024-10-25T15:28:20.767+05:30  INFO 280864 --- [Budget] [restartedMain] .ConditionEvaluationDeltaLoggingListener : Condition evaluation unchanged
2024-10-25T15:28:24.205+05:30  INFO 280864 --- [Budget] [File Watcher] rtingClassPathChangeChangedEventListener : Restarting due to 1 class path change (0 additions, 0 deletions, 1 modification)
2024-10-25T15:28:24.209+05:30  INFO 280864 --- [Budget] [Thread-23] j.LocalContainerEntityManagerFactoryBean : Closing JPA EntityManagerFactory for persistence unit 'default'
2024-10-25T15:28:24.210+05:30  INFO 280864 --- [Budget] [Thread-23] com.zaxxer.hikari.HikariDataSource       : HikariPool-6 - Shutdown initiated...
2024-10-25T15:28:24.212+05:30  INFO 280864 --- [Budget] [Thread-23] com.zaxxer.hikari.HikariDataSource       : HikariPool-6 - Shutdown completed.
2024-10-25T15:28:24.277+05:30  INFO 280864 --- [Budget] [restartedMain] com.budgetapp.BudgetApplication          : Starting BudgetApplication using Java 21.0.1 with PID 280864 (C:\Users\shlok\Downloads\Budget (1)\Budget\target\classes started by shlok in C:\Users\shlok\Downloads\Budget (1))
2024-10-25T15:28:24.278+05:30 DEBUG 280864 --- [Budget] [restartedMain] com.budgetapp.BudgetApplication          : Running with Spring Boot v3.3.5, Spring v6.1.14
2024-10-25T15:28:24.278+05:30  INFO 280864 --- [Budget] [restartedMain] com.budgetapp.BudgetApplication          : No active profile set, falling back to 1 default profile: "default"
2024-10-25T15:28:24.392+05:30  INFO 280864 --- [Budget] [restartedMain] .s.d.r.c.RepositoryConfigurationDelegate : Bootstrapping Spring Data JPA repositories in DEFAULT mode.
2024-10-25T15:28:24.399+05:30  INFO 280864 --- [Budget] [restartedMain] .s.d.r.c.RepositoryConfigurationDelegate : Finished Spring Data repository scanning in 6 ms. Found 1 JPA repository interface.
2024-10-25T15:28:24.445+05:30  INFO 280864 --- [Budget] [restartedMain] o.s.b.w.embedded.tomcat.TomcatWebServer  : Tomcat initialized with port 8080 (http)
2024-10-25T15:28:24.446+05:30  INFO 280864 --- [Budget] [restartedMain] o.apache.catalina.core.StandardService   : Starting service [Tomcat]
2024-10-25T15:28:24.446+05:30  INFO 280864 --- [Budget] [restartedMain] o.apache.catalina.core.StandardEngine    : Starting Servlet engine: [Apache Tomcat/10.1.31]
2024-10-25T15:28:24.461+05:30  INFO 280864 --- [Budget] [restartedMain] o.a.c.c.C.[Tomcat].[localhost].[/]       : Initializing Spring embedded WebApplicationContext
2024-10-25T15:28:24.462+05:30  INFO 280864 --- [Budget] [restartedMain] w.s.c.ServletWebServerApplicationContext : Root WebApplicationContext: initialization completed in 182 ms
2024-10-25T15:28:24.485+05:30  INFO 280864 --- [Budget] [restartedMain] o.hibernate.jpa.internal.util.LogHelper  : HHH000204: Processing PersistenceUnitInfo [name: default]
2024-10-25T15:28:24.487+05:30  INFO 280864 --- [Budget] [restartedMain] o.h.c.internal.RegionFactoryInitiator    : HHH000026: Second-level cache disabled
2024-10-25T15:28:24.494+05:30  INFO 280864 --- [Budget] [restartedMain] o.s.o.j.p.SpringPersistenceUnitInfo      : No LoadTimeWeaver setup: ignoring JPA class transformer
2024-10-25T15:28:24.495+05:30  INFO 280864 --- [Budget] [restartedMain] com.zaxxer.hikari.HikariDataSource       : HikariPool-7 - Starting...
2024-10-25T15:28:24.626+05:30  INFO 280864 --- [Budget] [restartedMain] com.zaxxer.hikari.pool.HikariPool        : HikariPool-7 - Added connection org.postgresql.jdbc.PgConnection@1c82e47e
2024-10-25T15:28:24.626+05:30  INFO 280864 --- [Budget] [restartedMain] com.zaxxer.hikari.HikariDataSource       : HikariPool-7 - Start completed.
2024-10-25T15:28:24.631+05:30  WARN 280864 --- [Budget] [restartedMain] org.hibernate.orm.deprecation            : HHH90000025: PostgreSQLDialect does not need to be specified explicitly using 'hibernate.dialect' (remove the property setting and it will be selected by default)
2024-10-25T15:28:24.657+05:30  INFO 280864 --- [Budget] [restartedMain] o.h.e.t.j.p.i.JtaPlatformInitiator       : HHH000489: No JTA platform available (set 'hibernate.transaction.jta.platform' to enable JTA platform integration)
2024-10-25T15:28:24.672+05:30  INFO 280864 --- [Budget] [restartedMain] j.LocalContainerEntityManagerFactoryBean : Initialized JPA EntityManagerFactory for persistence unit 'default'
2024-10-25T15:28:24.714+05:30  WARN 280864 --- [Budget] [restartedMain] JpaBaseConfiguration$JpaWebConfiguration : spring.jpa.open-in-view is enabled by default. Therefore, database queries may be performed during view rendering. Explicitly configure spring.jpa.open-in-view to disable this warning
2024-10-25T15:28:24.763+05:30  INFO 280864 --- [Budget] [restartedMain] o.s.b.d.a.OptionalLiveReloadServer       : LiveReload server is running on port 35729
2024-10-25T15:28:24.770+05:30  INFO 280864 --- [Budget] [restartedMain] o.s.b.w.embedded.tomcat.TomcatWebServer  : Tomcat started on port 8080 (http) with context path '/'
2024-10-25T15:28:24.772+05:30  INFO 280864 --- [Budget] [restartedMain] com.budgetapp.BudgetApplication          : Started BudgetApplication in 0.511 seconds (process running for 292.329)
2024-10-25T15:28:24.773+05:30  INFO 280864 --- [Budget] [restartedMain] .ConditionEvaluationDeltaLoggingListener : Condition evaluation unchanged
2024-10-25T15:28:28.202+05:30  INFO 280864 --- [Budget] [File Watcher] rtingClassPathChangeChangedEventListener : Restarting due to 1 class path change (0 additions, 0 deletions, 1 modification)
2024-10-25T15:28:28.206+05:30  INFO 280864 --- [Budget] [Thread-27] j.LocalContainerEntityManagerFactoryBean : Closing JPA EntityManagerFactory for persistence unit 'default'
2024-10-25T15:28:28.207+05:30  INFO 280864 --- [Budget] [Thread-27] com.zaxxer.hikari.HikariDataSource       : HikariPool-7 - Shutdown initiated...
2024-10-25T15:28:28.209+05:30  INFO 280864 --- [Budget] [Thread-27] com.zaxxer.hikari.HikariDataSource       : HikariPool-7 - Shutdown completed.
2024-10-25T15:28:28.277+05:30  INFO 280864 --- [Budget] [restartedMain] com.budgetapp.BudgetApplication          : Starting BudgetApplication using Java 21.0.1 with PID 280864 (C:\Users\shlok\Downloads\Budget (1)\Budget\target\classes started by shlok in C:\Users\shlok\Downloads\Budget (1))
2024-10-25T15:28:28.277+05:30 DEBUG 280864 --- [Budget] [restartedMain] com.budgetapp.BudgetApplication          : Running with Spring Boot v3.3.5, Spring v6.1.14
2024-10-25T15:28:28.278+05:30  INFO 280864 --- [Budget] [restartedMain] com.budgetapp.BudgetApplication          : No active profile set, falling back to 1 default profile: "default"
2024-10-25T15:28:28.383+05:30  INFO 280864 --- [Budget] [restartedMain] .s.d.r.c.RepositoryConfigurationDelegate : Bootstrapping Spring Data JPA repositories in DEFAULT mode.
2024-10-25T15:28:28.392+05:30  INFO 280864 --- [Budget] [restartedMain] .s.d.r.c.RepositoryConfigurationDelegate : Finished Spring Data repository scanning in 8 ms. Found 1 JPA repository interface.
2024-10-25T15:28:28.435+05:30  INFO 280864 --- [Budget] [restartedMain] o.s.b.w.embedded.tomcat.TomcatWebServer  : Tomcat initialized with port 8080 (http)
2024-10-25T15:28:28.436+05:30  INFO 280864 --- [Budget] [restartedMain] o.apache.catalina.core.StandardService   : Starting service [Tomcat]
2024-10-25T15:28:28.436+05:30  INFO 280864 --- [Budget] [restartedMain] o.apache.catalina.core.StandardEngine    : Starting Servlet engine: [Apache Tomcat/10.1.31]
2024-10-25T15:28:28.450+05:30  INFO 280864 --- [Budget] [restartedMain] o.a.c.c.C.[Tomcat].[localhost].[/]       : Initializing Spring embedded WebApplicationContext
2024-10-25T15:28:28.451+05:30  INFO 280864 --- [Budget] [restartedMain] w.s.c.ServletWebServerApplicationContext : Root WebApplicationContext: initialization completed in 171 ms
2024-10-25T15:28:28.468+05:30  INFO 280864 --- [Budget] [restartedMain] o.hibernate.jpa.internal.util.LogHelper  : HHH000204: Processing PersistenceUnitInfo [name: default]
2024-10-25T15:28:28.470+05:30  INFO 280864 --- [Budget] [restartedMain] o.h.c.internal.RegionFactoryInitiator    : HHH000026: Second-level cache disabled
2024-10-25T15:28:28.475+05:30  INFO 280864 --- [Budget] [restartedMain] o.s.o.j.p.SpringPersistenceUnitInfo      : No LoadTimeWeaver setup: ignoring JPA class transformer
2024-10-25T15:28:28.476+05:30  INFO 280864 --- [Budget] [restartedMain] com.zaxxer.hikari.HikariDataSource       : HikariPool-8 - Starting...
2024-10-25T15:28:28.503+05:30  INFO 280864 --- [Budget] [restartedMain] com.zaxxer.hikari.pool.HikariPool        : HikariPool-8 - Added connection org.postgresql.jdbc.PgConnection@5d59effb
2024-10-25T15:28:28.503+05:30  INFO 280864 --- [Budget] [restartedMain] com.zaxxer.hikari.HikariDataSource       : HikariPool-8 - Start completed.
2024-10-25T15:28:28.509+05:30  WARN 280864 --- [Budget] [restartedMain] org.hibernate.orm.deprecation            : HHH90000025: PostgreSQLDialect does not need to be specified explicitly using 'hibernate.dialect' (remove the property setting and it will be selected by default)
2024-10-25T15:28:28.533+05:30  INFO 280864 --- [Budget] [restartedMain] o.h.e.t.j.p.i.JtaPlatformInitiator       : HHH000489: No JTA platform available (set 'hibernate.transaction.jta.platform' to enable JTA platform integration)
2024-10-25T15:28:28.547+05:30  INFO 280864 --- [Budget] [restartedMain] j.LocalContainerEntityManagerFactoryBean : Initialized JPA EntityManagerFactory for persistence unit 'default'
2024-10-25T15:28:28.582+05:30  WARN 280864 --- [Budget] [restartedMain] JpaBaseConfiguration$JpaWebConfiguration : spring.jpa.open-in-view is enabled by default. Therefore, database queries may be performed during view rendering. Explicitly configure spring.jpa.open-in-view to disable this warning
2024-10-25T15:28:28.635+05:30  INFO 280864 --- [Budget] [restartedMain] o.s.b.d.a.OptionalLiveReloadServer       : LiveReload server is running on port 35729
2024-10-25T15:28:28.644+05:30  INFO 280864 --- [Budget] [restartedMain] o.s.b.w.embedded.tomcat.TomcatWebServer  : Tomcat started on port 8080 (http) with context path '/'
2024-10-25T15:28:28.647+05:30  INFO 280864 --- [Budget] [restartedMain] com.budgetapp.BudgetApplication          : Started BudgetApplication in 0.386 seconds (process running for 296.203)
2024-10-25T15:28:28.648+05:30  INFO 280864 --- [Budget] [restartedMain] .ConditionEvaluationDeltaLoggingListener : Condition evaluation unchanged
2024-10-25T15:28:47.796+05:30  INFO 280864 --- [Budget] [http-nio-8080-exec-1] o.a.c.c.C.[Tomcat].[localhost].[/]       : Initializing Spring DispatcherServlet 'dispatcherServlet'
2024-10-25T15:28:47.797+05:30  INFO 280864 --- [Budget] [http-nio-8080-exec-1] o.s.web.servlet.DispatcherServlet        : Initializing Servlet 'dispatcherServlet'
2024-10-25T15:28:47.799+05:30  INFO 280864 --- [Budget] [http-nio-8080-exec-1] o.s.web.servlet.DispatcherServlet        : Completed initialization in 2 ms
2024-10-25T15:28:47.802+05:30  INFO 280864 --- [Budget] [http-nio-8080-exec-1] c.budgetapp.controller.BudgetController  : Creating a new budget: com.budgetapp.model.Budget@2f6f7035
2024-10-25T15:28:48.639+05:30  INFO 280864 --- [Budget] [http-nio-8080-exec-4] c.budgetapp.controller.BudgetController  : Creating a new budget: com.budgetapp.model.Budget@c5e72b
2024-10-25T15:28:53.925+05:30  INFO 280864 --- [Budget] [http-nio-8080-exec-3] c.budgetapp.controller.BudgetController  : Fetching budget with id: 11
2024-10-25T15:29:32.698+05:30  INFO 205704 --- [Budget] [restartedMain] com.budgetapp.BudgetApplication          : Starting BudgetApplication using Java 21.0.1 with PID 205704 (C:\Users\shlok\Downloads\Budget (1)\Budget\target\classes started by shlok in C:\Users\shlok\Downloads\Budget (1))
2024-10-25T15:29:32.703+05:30 DEBUG 205704 --- [Budget] [restartedMain] com.budgetapp.BudgetApplication          : Running with Spring Boot v3.3.5, Spring v6.1.14
2024-10-25T15:29:32.705+05:30  INFO 205704 --- [Budget] [restartedMain] com.budgetapp.BudgetApplication          : No active profile set, falling back to 1 default profile: "default"
2024-10-25T15:29:32.747+05:30  INFO 205704 --- [Budget] [restartedMain] .e.DevToolsPropertyDefaultsPostProcessor : Devtools property defaults active! Set 'spring.devtools.add-properties' to 'false' to disable
2024-10-25T15:29:32.748+05:30  INFO 205704 --- [Budget] [restartedMain] .e.DevToolsPropertyDefaultsPostProcessor : For additional web related logging consider setting the 'logging.level.web' property to 'DEBUG'
2024-10-25T15:29:33.410+05:30  INFO 205704 --- [Budget] [restartedMain] .s.d.r.c.RepositoryConfigurationDelegate : Bootstrapping Spring Data JPA repositories in DEFAULT mode.
2024-10-25T15:29:33.461+05:30  INFO 205704 --- [Budget] [restartedMain] .s.d.r.c.RepositoryConfigurationDelegate : Finished Spring Data repository scanning in 43 ms. Found 1 JPA repository interface.
2024-10-25T15:29:34.061+05:30  INFO 205704 --- [Budget] [restartedMain] o.s.b.w.embedded.tomcat.TomcatWebServer  : Tomcat initialized with port 8080 (http)
2024-10-25T15:29:34.075+05:30  INFO 205704 --- [Budget] [restartedMain] o.apache.catalina.core.StandardService   : Starting service [Tomcat]
2024-10-25T15:29:34.075+05:30  INFO 205704 --- [Budget] [restartedMain] o.apache.catalina.core.StandardEngine    : Starting Servlet engine: [Apache Tomcat/10.1.31]
2024-10-25T15:29:34.138+05:30  INFO 205704 --- [Budget] [restartedMain] o.a.c.c.C.[Tomcat].[localhost].[/]       : Initializing Spring embedded WebApplicationContext
2024-10-25T15:29:34.139+05:30  INFO 205704 --- [Budget] [restartedMain] w.s.c.ServletWebServerApplicationContext : Root WebApplicationContext: initialization completed in 1390 ms
2024-10-25T15:29:34.301+05:30  INFO 205704 --- [Budget] [restartedMain] o.hibernate.jpa.internal.util.LogHelper  : HHH000204: Processing PersistenceUnitInfo [name: default]
2024-10-25T15:29:34.370+05:30  INFO 205704 --- [Budget] [restartedMain] org.hibernate.Version                    : HHH000412: Hibernate ORM core version 6.5.3.Final
2024-10-25T15:29:34.405+05:30  INFO 205704 --- [Budget] [restartedMain] o.h.c.internal.RegionFactoryInitiator    : HHH000026: Second-level cache disabled
2024-10-25T15:29:34.691+05:30  INFO 205704 --- [Budget] [restartedMain] o.s.o.j.p.SpringPersistenceUnitInfo      : No LoadTimeWeaver setup: ignoring JPA class transformer
2024-10-25T15:29:34.724+05:30  INFO 205704 --- [Budget] [restartedMain] com.zaxxer.hikari.HikariDataSource       : HikariPool-1 - Starting...
2024-10-25T15:29:34.996+05:30  INFO 205704 --- [Budget] [restartedMain] com.zaxxer.hikari.pool.HikariPool        : HikariPool-1 - Added connection org.postgresql.jdbc.PgConnection@238a25e9
2024-10-25T15:29:34.997+05:30  INFO 205704 --- [Budget] [restartedMain] com.zaxxer.hikari.HikariDataSource       : HikariPool-1 - Start completed.
2024-10-25T15:29:35.033+05:30  WARN 205704 --- [Budget] [restartedMain] org.hibernate.orm.deprecation            : HHH90000025: PostgreSQLDialect does not need to be specified explicitly using 'hibernate.dialect' (remove the property setting and it will be selected by default)
2024-10-25T15:29:35.651+05:30  INFO 205704 --- [Budget] [restartedMain] o.h.e.t.j.p.i.JtaPlatformInitiator       : HHH000489: No JTA platform available (set 'hibernate.transaction.jta.platform' to enable JTA platform integration)
2024-10-25T15:29:35.700+05:30  INFO 205704 --- [Budget] [restartedMain] j.LocalContainerEntityManagerFactoryBean : Initialized JPA EntityManagerFactory for persistence unit 'default'
2024-10-25T15:29:36.054+05:30  WARN 205704 --- [Budget] [restartedMain] JpaBaseConfiguration$JpaWebConfiguration : spring.jpa.open-in-view is enabled by default. Therefore, database queries may be performed during view rendering. Explicitly configure spring.jpa.open-in-view to disable this warning
2024-10-25T15:29:36.433+05:30  INFO 205704 --- [Budget] [restartedMain] o.s.b.d.a.OptionalLiveReloadServer       : LiveReload server is running on port 35729
2024-10-25T15:29:36.460+05:30  INFO 205704 --- [Budget] [restartedMain] o.s.b.w.embedded.tomcat.TomcatWebServer  : Tomcat started on port 8080 (http) with context path '/'
2024-10-25T15:29:36.469+05:30  INFO 205704 --- [Budget] [restartedMain] com.budgetapp.BudgetApplication          : Started BudgetApplication in 4.113 seconds (process running for 4.529)
2024-10-25T15:29:55.489+05:30  INFO 205704 --- [Budget] [http-nio-8080-exec-1] o.a.c.c.C.[Tomcat].[localhost].[/]       : Initializing Spring DispatcherServlet 'dispatcherServlet'
2024-10-25T15:29:55.489+05:30  INFO 205704 --- [Budget] [http-nio-8080-exec-1] o.s.web.servlet.DispatcherServlet        : Initializing Servlet 'dispatcherServlet'
2024-10-25T15:29:55.491+05:30  INFO 205704 --- [Budget] [http-nio-8080-exec-1] o.s.web.servlet.DispatcherServlet        : Completed initialization in 2 ms
2024-10-25T15:29:55.525+05:30  INFO 205704 --- [Budget] [http-nio-8080-exec-1] c.budgetapp.controller.BudgetController  : Fetching budget with id: 3
2024-10-25T15:30:02.171+05:30  INFO 205704 --- [Budget] [http-nio-8080-exec-3] c.budgetapp.controller.BudgetController  : Creating a new budget: com.budgetapp.model.Budget@2a1ed6c7
2024-10-25T15:30:02.962+05:30  INFO 205704 --- [Budget] [http-nio-8080-exec-4] c.budgetapp.controller.BudgetController  : Creating a new budget: com.budgetapp.model.Budget@2c1d6a18
2024-10-25T15:30:07.799+05:30  INFO 205704 --- [Budget] [http-nio-8080-exec-5] c.budgetapp.controller.BudgetController  : Fetching budget with id: 11
2024-10-25T15:55:14.464+05:30  WARN 205704 --- [Budget] [HikariPool-1 housekeeper] com.zaxxer.hikari.pool.HikariPool        : HikariPool-1 - Thread starvation or clock leap detected (housekeeper delta=18m39s265ms819µs700ns).
2024-10-25T15:55:45.152+05:30  INFO 205704 --- [Budget] [File Watcher] rtingClassPathChangeChangedEventListener : Restarting due to 1 class path change (0 additions, 0 deletions, 1 modification)
2024-10-25T15:55:45.160+05:30  INFO 205704 --- [Budget] [Thread-5] j.LocalContainerEntityManagerFactoryBean : Closing JPA EntityManagerFactory for persistence unit 'default'
2024-10-25T15:55:45.163+05:30  INFO 205704 --- [Budget] [Thread-5] com.zaxxer.hikari.HikariDataSource       : HikariPool-1 - Shutdown initiated...
2024-10-25T15:55:45.166+05:30  INFO 205704 --- [Budget] [Thread-5] com.zaxxer.hikari.HikariDataSource       : HikariPool-1 - Shutdown completed.
2024-10-25T15:55:45.245+05:30  INFO 205704 --- [Budget] [restartedMain] com.budgetapp.BudgetApplication          : Starting BudgetApplication using Java 21.0.1 with PID 205704 (C:\Users\shlok\Downloads\Budget (1)\Budget\target\classes started by shlok in C:\Users\shlok\Downloads\Budget (1))
2024-10-25T15:55:45.246+05:30 DEBUG 205704 --- [Budget] [restartedMain] com.budgetapp.BudgetApplication          : Running with Spring Boot v3.3.5, Spring v6.1.14
2024-10-25T15:55:45.246+05:30  INFO 205704 --- [Budget] [restartedMain] com.budgetapp.BudgetApplication          : No active profile set, falling back to 1 default profile: "default"
2024-10-25T15:55:45.397+05:30  INFO 205704 --- [Budget] [restartedMain] .s.d.r.c.RepositoryConfigurationDelegate : Bootstrapping Spring Data JPA repositories in DEFAULT mode.
2024-10-25T15:55:45.406+05:30  INFO 205704 --- [Budget] [restartedMain] .s.d.r.c.RepositoryConfigurationDelegate : Finished Spring Data repository scanning in 8 ms. Found 1 JPA repository interface.
2024-10-25T15:55:45.480+05:30  INFO 205704 --- [Budget] [restartedMain] o.s.b.w.embedded.tomcat.TomcatWebServer  : Tomcat initialized with port 8080 (http)
2024-10-25T15:55:45.481+05:30  INFO 205704 --- [Budget] [restartedMain] o.apache.catalina.core.StandardService   : Starting service [Tomcat]
2024-10-25T15:55:45.482+05:30  INFO 205704 --- [Budget] [restartedMain] o.apache.catalina.core.StandardEngine    : Starting Servlet engine: [Apache Tomcat/10.1.31]
2024-10-25T15:55:45.501+05:30  INFO 205704 --- [Budget] [restartedMain] o.a.c.c.C.[Tomcat].[localhost].[/]       : Initializing Spring embedded WebApplicationContext
2024-10-25T15:55:45.501+05:30  INFO 205704 --- [Budget] [restartedMain] w.s.c.ServletWebServerApplicationContext : Root WebApplicationContext: initialization completed in 253 ms
2024-10-25T15:55:45.535+05:30  INFO 205704 --- [Budget] [restartedMain] o.hibernate.jpa.internal.util.LogHelper  : HHH000204: Processing PersistenceUnitInfo [name: default]
2024-10-25T15:55:45.539+05:30  INFO 205704 --- [Budget] [restartedMain] o.h.c.internal.RegionFactoryInitiator    : HHH000026: Second-level cache disabled
2024-10-25T15:55:45.550+05:30  INFO 205704 --- [Budget] [restartedMain] o.s.o.j.p.SpringPersistenceUnitInfo      : No LoadTimeWeaver setup: ignoring JPA class transformer
2024-10-25T15:55:45.551+05:30  INFO 205704 --- [Budget] [restartedMain] com.zaxxer.hikari.HikariDataSource       : HikariPool-2 - Starting...
2024-10-25T15:55:45.691+05:30  INFO 205704 --- [Budget] [restartedMain] com.zaxxer.hikari.pool.HikariPool        : HikariPool-2 - Added connection org.postgresql.jdbc.PgConnection@77450751
2024-10-25T15:55:45.692+05:30  INFO 205704 --- [Budget] [restartedMain] com.zaxxer.hikari.HikariDataSource       : HikariPool-2 - Start completed.
2024-10-25T15:55:45.698+05:30  WARN 205704 --- [Budget] [restartedMain] org.hibernate.orm.deprecation            : HHH90000025: PostgreSQLDialect does not need to be specified explicitly using 'hibernate.dialect' (remove the property setting and it will be selected by default)
2024-10-25T15:55:45.735+05:30  INFO 205704 --- [Budget] [restartedMain] o.h.e.t.j.p.i.JtaPlatformInitiator       : HHH000489: No JTA platform available (set 'hibernate.transaction.jta.platform' to enable JTA platform integration)
2024-10-25T15:55:45.751+05:30  INFO 205704 --- [Budget] [restartedMain] j.LocalContainerEntityManagerFactoryBean : Initialized JPA EntityManagerFactory for persistence unit 'default'
2024-10-25T15:55:45.817+05:30  WARN 205704 --- [Budget] [restartedMain] JpaBaseConfiguration$JpaWebConfiguration : spring.jpa.open-in-view is enabled by default. Therefore, database queries may be performed during view rendering. Explicitly configure spring.jpa.open-in-view to disable this warning
2024-10-25T15:55:45.939+05:30  INFO 205704 --- [Budget] [restartedMain] o.s.b.d.a.OptionalLiveReloadServer       : LiveReload server is running on port 35729
2024-10-25T15:55:45.948+05:30  INFO 205704 --- [Budget] [restartedMain] o.s.b.w.embedded.tomcat.TomcatWebServer  : Tomcat started on port 8080 (http) with context path '/'
2024-10-25T15:55:45.952+05:30  INFO 205704 --- [Budget] [restartedMain] com.budgetapp.BudgetApplication          : Started BudgetApplication in 0.729 seconds (process running for 1574.012)
2024-10-25T15:55:45.955+05:30  INFO 205704 --- [Budget] [restartedMain] .ConditionEvaluationDeltaLoggingListener : Condition evaluation unchanged
2024-10-25T16:06:44.222+05:30  INFO 205704 --- [Budget] [http-nio-8080-exec-2] o.a.c.c.C.[Tomcat].[localhost].[/]       : Initializing Spring DispatcherServlet 'dispatcherServlet'
2024-10-25T16:06:44.223+05:30  INFO 205704 --- [Budget] [http-nio-8080-exec-2] o.s.web.servlet.DispatcherServlet        : Initializing Servlet 'dispatcherServlet'
2024-10-25T16:06:44.224+05:30  INFO 205704 --- [Budget] [http-nio-8080-exec-2] o.s.web.servlet.DispatcherServlet        : Completed initialization in 0 ms
2024-10-25T16:06:44.227+05:30  INFO 205704 --- [Budget] [http-nio-8080-exec-2] c.budgetapp.controller.BudgetController  : Deleting budget with id: 4
2024-10-25T16:06:50.463+05:30  INFO 205704 --- [Budget] [http-nio-8080-exec-3] c.budgetapp.controller.BudgetController  : Fetching budget with id: 4
2024-10-25T16:15:44.303+05:30  INFO 205704 --- [Budget] [File Watcher] rtingClassPathChangeChangedEventListener : Restarting due to 1 class path change (0 additions, 0 deletions, 1 modification)
2024-10-25T16:15:44.314+05:30  INFO 205704 --- [Budget] [Thread-7] j.LocalContainerEntityManagerFactoryBean : Closing JPA EntityManagerFactory for persistence unit 'default'
2024-10-25T16:15:44.316+05:30  INFO 205704 --- [Budget] [Thread-7] com.zaxxer.hikari.HikariDataSource       : HikariPool-2 - Shutdown initiated...
2024-10-25T16:15:44.320+05:30  INFO 205704 --- [Budget] [Thread-7] com.zaxxer.hikari.HikariDataSource       : HikariPool-2 - Shutdown completed.
2024-10-25T16:15:44.465+05:30  INFO 205704 --- [Budget] [restartedMain] com.budgetapp.BudgetApplication          : Starting BudgetApplication using Java 21.0.1 with PID 205704 (C:\Users\shlok\Downloads\Budget (1)\Budget\target\classes started by shlok in C:\Users\shlok\Downloads\Budget (1))
2024-10-25T16:15:44.465+05:30 DEBUG 205704 --- [Budget] [restartedMain] com.budgetapp.BudgetApplication          : Running with Spring Boot v3.3.5, Spring v6.1.14
2024-10-25T16:15:44.466+05:30  INFO 205704 --- [Budget] [restartedMain] com.budgetapp.BudgetApplication          : No active profile set, falling back to 1 default profile: "default"
2024-10-25T16:15:44.759+05:30  INFO 205704 --- [Budget] [restartedMain] .s.d.r.c.RepositoryConfigurationDelegate : Bootstrapping Spring Data JPA repositories in DEFAULT mode.
2024-10-25T16:15:44.776+05:30  INFO 205704 --- [Budget] [restartedMain] .s.d.r.c.RepositoryConfigurationDelegate : Finished Spring Data repository scanning in 14 ms. Found 1 JPA repository interface.
2024-10-25T16:15:44.912+05:30  INFO 205704 --- [Budget] [restartedMain] o.s.b.w.embedded.tomcat.TomcatWebServer  : Tomcat initialized with port 8080 (http)
2024-10-25T16:15:44.914+05:30  INFO 205704 --- [Budget] [restartedMain] o.apache.catalina.core.StandardService   : Starting service [Tomcat]
2024-10-25T16:15:44.915+05:30  INFO 205704 --- [Budget] [restartedMain] o.apache.catalina.core.StandardEngine    : Starting Servlet engine: [Apache Tomcat/10.1.31]
2024-10-25T16:15:44.955+05:30  INFO 205704 --- [Budget] [restartedMain] o.a.c.c.C.[Tomcat].[localhost].[/]       : Initializing Spring embedded WebApplicationContext
2024-10-25T16:15:44.956+05:30  INFO 205704 --- [Budget] [restartedMain] w.s.c.ServletWebServerApplicationContext : Root WebApplicationContext: initialization completed in 488 ms
2024-10-25T16:15:44.998+05:30  INFO 205704 --- [Budget] [restartedMain] o.hibernate.jpa.internal.util.LogHelper  : HHH000204: Processing PersistenceUnitInfo [name: default]
2024-10-25T16:15:45.002+05:30  INFO 205704 --- [Budget] [restartedMain] o.h.c.internal.RegionFactoryInitiator    : HHH000026: Second-level cache disabled
2024-10-25T16:15:45.015+05:30  INFO 205704 --- [Budget] [restartedMain] o.s.o.j.p.SpringPersistenceUnitInfo      : No LoadTimeWeaver setup: ignoring JPA class transformer
2024-10-25T16:15:45.017+05:30  INFO 205704 --- [Budget] [restartedMain] com.zaxxer.hikari.HikariDataSource       : HikariPool-3 - Starting...
2024-10-25T16:15:45.077+05:30  INFO 205704 --- [Budget] [restartedMain] com.zaxxer.hikari.pool.HikariPool        : HikariPool-3 - Added connection org.postgresql.jdbc.PgConnection@5e2e589a
2024-10-25T16:15:45.078+05:30  INFO 205704 --- [Budget] [restartedMain] com.zaxxer.hikari.HikariDataSource       : HikariPool-3 - Start completed.
2024-10-25T16:15:45.088+05:30  WARN 205704 --- [Budget] [restartedMain] org.hibernate.orm.deprecation            : HHH90000025: PostgreSQLDialect does not need to be specified explicitly using 'hibernate.dialect' (remove the property setting and it will be selected by default)
2024-10-25T16:15:45.138+05:30  INFO 205704 --- [Budget] [restartedMain] o.h.e.t.j.p.i.JtaPlatformInitiator       : HHH000489: No JTA platform available (set 'hibernate.transaction.jta.platform' to enable JTA platform integration)
2024-10-25T16:15:45.164+05:30  INFO 205704 --- [Budget] [restartedMain] j.LocalContainerEntityManagerFactoryBean : Initialized JPA EntityManagerFactory for persistence unit 'default'
2024-10-25T16:15:45.235+05:30  WARN 205704 --- [Budget] [restartedMain] JpaBaseConfiguration$JpaWebConfiguration : spring.jpa.open-in-view is enabled by default. Therefore, database queries may be performed during view rendering. Explicitly configure spring.jpa.open-in-view to disable this warning
2024-10-25T16:15:45.327+05:30  INFO 205704 --- [Budget] [restartedMain] o.s.b.d.a.OptionalLiveReloadServer       : LiveReload server is running on port 35729
2024-10-25T16:15:45.338+05:30  INFO 205704 --- [Budget] [restartedMain] o.s.b.w.embedded.tomcat.TomcatWebServer  : Tomcat started on port 8080 (http) with context path '/'
2024-10-25T16:15:45.343+05:30  INFO 205704 --- [Budget] [restartedMain] com.budgetapp.BudgetApplication          : Started BudgetApplication in 0.914 seconds (process running for 2773.403)
2024-10-25T16:15:45.345+05:30  INFO 205704 --- [Budget] [restartedMain] .ConditionEvaluationDeltaLoggingListener : Condition evaluation unchanged
2024-10-25T16:16:02.087+05:30  INFO 205704 --- [Budget] [File Watcher] rtingClassPathChangeChangedEventListener : Restarting due to 1 class path change (0 additions, 0 deletions, 1 modification)
2024-10-25T16:16:02.095+05:30  INFO 205704 --- [Budget] [Thread-11] j.LocalContainerEntityManagerFactoryBean : Closing JPA EntityManagerFactory for persistence unit 'default'
2024-10-25T16:16:02.095+05:30  INFO 205704 --- [Budget] [Thread-11] com.zaxxer.hikari.HikariDataSource       : HikariPool-3 - Shutdown initiated...
2024-10-25T16:16:02.111+05:30  INFO 205704 --- [Budget] [Thread-11] com.zaxxer.hikari.HikariDataSource       : HikariPool-3 - Shutdown completed.
2024-10-25T16:16:02.239+05:30  INFO 205704 --- [Budget] [restartedMain] com.budgetapp.BudgetApplication          : Starting BudgetApplication using Java 21.0.1 with PID 205704 (C:\Users\shlok\Downloads\Budget (1)\Budget\target\classes started by shlok in C:\Users\shlok\Downloads\Budget (1))
2024-10-25T16:16:02.239+05:30 DEBUG 205704 --- [Budget] [restartedMain] com.budgetapp.BudgetApplication          : Running with Spring Boot v3.3.5, Spring v6.1.14
2024-10-25T16:16:02.239+05:30  INFO 205704 --- [Budget] [restartedMain] com.budgetapp.BudgetApplication          : No active profile set, falling back to 1 default profile: "default"
2024-10-25T16:16:02.469+05:30  INFO 205704 --- [Budget] [restartedMain] .s.d.r.c.RepositoryConfigurationDelegate : Bootstrapping Spring Data JPA repositories in DEFAULT mode.
2024-10-25T16:16:02.485+05:30  INFO 205704 --- [Budget] [restartedMain] .s.d.r.c.RepositoryConfigurationDelegate : Finished Spring Data repository scanning in 11 ms. Found 1 JPA repository interface.
2024-10-25T16:16:02.557+05:30  INFO 205704 --- [Budget] [restartedMain] o.s.b.w.embedded.tomcat.TomcatWebServer  : Tomcat initialized with port 8080 (http)
2024-10-25T16:16:02.557+05:30  INFO 205704 --- [Budget] [restartedMain] o.apache.catalina.core.StandardService   : Starting service [Tomcat]
2024-10-25T16:16:02.557+05:30  INFO 205704 --- [Budget] [restartedMain] o.apache.catalina.core.StandardEngine    : Starting Servlet engine: [Apache Tomcat/10.1.31]
2024-10-25T16:16:02.589+05:30  INFO 205704 --- [Budget] [restartedMain] o.a.c.c.C.[Tomcat].[localhost].[/]       : Initializing Spring embedded WebApplicationContext
2024-10-25T16:16:02.589+05:30  INFO 205704 --- [Budget] [restartedMain] w.s.c.ServletWebServerApplicationContext : Root WebApplicationContext: initialization completed in 342 ms
2024-10-25T16:16:02.621+05:30  INFO 205704 --- [Budget] [restartedMain] o.hibernate.jpa.internal.util.LogHelper  : HHH000204: Processing PersistenceUnitInfo [name: default]
2024-10-25T16:16:02.629+05:30  INFO 205704 --- [Budget] [restartedMain] o.h.c.internal.RegionFactoryInitiator    : HHH000026: Second-level cache disabled
2024-10-25T16:16:02.637+05:30  INFO 205704 --- [Budget] [restartedMain] o.s.o.j.p.SpringPersistenceUnitInfo      : No LoadTimeWeaver setup: ignoring JPA class transformer
2024-10-25T16:16:02.637+05:30  INFO 205704 --- [Budget] [restartedMain] com.zaxxer.hikari.HikariDataSource       : HikariPool-4 - Starting...
2024-10-25T16:16:02.789+05:30  INFO 205704 --- [Budget] [restartedMain] com.zaxxer.hikari.pool.HikariPool        : HikariPool-4 - Added connection org.postgresql.jdbc.PgConnection@74ddad0f
2024-10-25T16:16:02.789+05:30  INFO 205704 --- [Budget] [restartedMain] com.zaxxer.hikari.HikariDataSource       : HikariPool-4 - Start completed.
2024-10-25T16:16:02.797+05:30  WARN 205704 --- [Budget] [restartedMain] org.hibernate.orm.deprecation            : HHH90000025: PostgreSQLDialect does not need to be specified explicitly using 'hibernate.dialect' (remove the property setting and it will be selected by default)
2024-10-25T16:16:02.838+05:30  INFO 205704 --- [Budget] [restartedMain] o.h.e.t.j.p.i.JtaPlatformInitiator       : HHH000489: No JTA platform available (set 'hibernate.transaction.jta.platform' to enable JTA platform integration)
2024-10-25T16:16:02.862+05:30  INFO 205704 --- [Budget] [restartedMain] j.LocalContainerEntityManagerFactoryBean : Initialized JPA EntityManagerFactory for persistence unit 'default'
2024-10-25T16:16:02.934+05:30  WARN 205704 --- [Budget] [restartedMain] JpaBaseConfiguration$JpaWebConfiguration : spring.jpa.open-in-view is enabled by default. Therefore, database queries may be performed during view rendering. Explicitly configure spring.jpa.open-in-view to disable this warning
2024-10-25T16:16:03.028+05:30  INFO 205704 --- [Budget] [restartedMain] o.s.b.d.a.OptionalLiveReloadServer       : LiveReload server is running on port 35729
2024-10-25T16:16:03.030+05:30  INFO 205704 --- [Budget] [restartedMain] o.s.b.w.embedded.tomcat.TomcatWebServer  : Tomcat started on port 8080 (http) with context path '/'
2024-10-25T16:16:03.038+05:30  INFO 205704 --- [Budget] [restartedMain] com.budgetapp.BudgetApplication          : Started BudgetApplication in 0.839 seconds (process running for 2791.101)
2024-10-25T16:16:03.054+05:30  INFO 205704 --- [Budget] [restartedMain] .ConditionEvaluationDeltaLoggingListener : Condition evaluation unchanged
2024-10-25T16:16:08.326+05:30  INFO 205704 --- [Budget] [http-nio-8080-exec-2] o.a.c.c.C.[Tomcat].[localhost].[/]       : Initializing Spring DispatcherServlet 'dispatcherServlet'
2024-10-25T16:16:08.326+05:30  INFO 205704 --- [Budget] [http-nio-8080-exec-2] o.s.web.servlet.DispatcherServlet        : Initializing Servlet 'dispatcherServlet'
2024-10-25T16:16:08.326+05:30  INFO 205704 --- [Budget] [http-nio-8080-exec-2] o.s.web.servlet.DispatcherServlet        : Completed initialization in 0 ms
2024-10-25T16:16:08.334+05:30  INFO 205704 --- [Budget] [http-nio-8080-exec-2] c.budgetapp.controller.BudgetController  : Deleting budget with id: 3
2024-10-25T16:16:15.092+05:30 ERROR 205704 --- [Budget] [http-nio-8080-exec-3] o.a.c.c.C.[.[.[/].[dispatcherServlet]    : Servlet.service() for servlet [dispatcherServlet] in context with path [] threw exception [Request processing failed: java.lang.RuntimeException: Budget not found] with root cause

java.lang.RuntimeException: Budget not found
	at com.budgetapp.controller.BudgetController.lambda$1(BudgetController.java:41) ~[classes/:na]
	at java.base/java.util.Optional.orElseThrow(Optional.java:403) ~[na:na]
	at com.budgetapp.controller.BudgetController.getBudgetById(BudgetController.java:41) ~[classes/:na]
	at java.base/jdk.internal.reflect.DirectMethodHandleAccessor.invoke(DirectMethodHandleAccessor.java:103) ~[na:na]
	at java.base/java.lang.reflect.Method.invoke(Method.java:580) ~[na:na]
	at org.springframework.web.method.support.InvocableHandlerMethod.doInvoke(InvocableHandlerMethod.java:255) ~[spring-web-6.1.14.jar:6.1.14]
	at org.springframework.web.method.support.InvocableHandlerMethod.invokeForRequest(InvocableHandlerMethod.java:188) ~[spring-web-6.1.14.jar:6.1.14]
	at org.springframework.web.servlet.mvc.method.annotation.ServletInvocableHandlerMethod.invokeAndHandle(ServletInvocableHandlerMethod.java:118) ~[spring-webmvc-6.1.14.jar:6.1.14]
	at org.springframework.web.servlet.mvc.method.annotation.RequestMappingHandlerAdapter.invokeHandlerMethod(RequestMappingHandlerAdapter.java:926) ~[spring-webmvc-6.1.14.jar:6.1.14]
	at org.springframework.web.servlet.mvc.method.annotation.RequestMappingHandlerAdapter.handleInternal(RequestMappingHandlerAdapter.java:831) ~[spring-webmvc-6.1.14.jar:6.1.14]
	at org.springframework.web.servlet.mvc.method.AbstractHandlerMethodAdapter.handle(AbstractHandlerMethodAdapter.java:87) ~[spring-webmvc-6.1.14.jar:6.1.14]
	at org.springframework.web.servlet.DispatcherServlet.doDispatch(DispatcherServlet.java:1089) ~[spring-webmvc-6.1.14.jar:6.1.14]
	at org.springframework.web.servlet.DispatcherServlet.doService(DispatcherServlet.java:979) ~[spring-webmvc-6.1.14.jar:6.1.14]
	at org.springframework.web.servlet.FrameworkServlet.processRequest(FrameworkServlet.java:1014) ~[spring-webmvc-6.1.14.jar:6.1.14]
	at org.springframework.web.servlet.FrameworkServlet.doGet(FrameworkServlet.java:903) ~[spring-webmvc-6.1.14.jar:6.1.14]
	at jakarta.servlet.http.HttpServlet.service(HttpServlet.java:564) ~[tomcat-embed-core-10.1.31.jar:6.0]
	at org.springframework.web.servlet.FrameworkServlet.service(FrameworkServlet.java:885) ~[spring-webmvc-6.1.14.jar:6.1.14]
	at jakarta.servlet.http.HttpServlet.service(HttpServlet.java:658) ~[tomcat-embed-core-10.1.31.jar:6.0]
	at org.apache.catalina.core.ApplicationFilterChain.internalDoFilter(ApplicationFilterChain.java:195) ~[tomcat-embed-core-10.1.31.jar:10.1.31]
	at org.apache.catalina.core.ApplicationFilterChain.doFilter(ApplicationFilterChain.java:140) ~[tomcat-embed-core-10.1.31.jar:10.1.31]
	at org.apache.tomcat.websocket.server.WsFilter.doFilter(WsFilter.java:51) ~[tomcat-embed-websocket-10.1.31.jar:10.1.31]
	at org.apache.catalina.core.ApplicationFilterChain.internalDoFilter(ApplicationFilterChain.java:164) ~[tomcat-embed-core-10.1.31.jar:10.1.31]
	at org.apache.catalina.core.ApplicationFilterChain.doFilter(ApplicationFilterChain.java:140) ~[tomcat-embed-core-10.1.31.jar:10.1.31]
	at org.springframework.web.filter.RequestContextFilter.doFilterInternal(RequestContextFilter.java:100) ~[spring-web-6.1.14.jar:6.1.14]
	at org.springframework.web.filter.OncePerRequestFilter.doFilter(OncePerRequestFilter.java:116) ~[spring-web-6.1.14.jar:6.1.14]
	at org.apache.catalina.core.ApplicationFilterChain.internalDoFilter(ApplicationFilterChain.java:164) ~[tomcat-embed-core-10.1.31.jar:10.1.31]
	at org.apache.catalina.core.ApplicationFilterChain.doFilter(ApplicationFilterChain.java:140) ~[tomcat-embed-core-10.1.31.jar:10.1.31]
	at org.springframework.web.filter.FormContentFilter.doFilterInternal(FormContentFilter.java:93) ~[spring-web-6.1.14.jar:6.1.14]
	at org.springframework.web.filter.OncePerRequestFilter.doFilter(OncePerRequestFilter.java:116) ~[spring-web-6.1.14.jar:6.1.14]
	at org.apache.catalina.core.ApplicationFilterChain.internalDoFilter(ApplicationFilterChain.java:164) ~[tomcat-embed-core-10.1.31.jar:10.1.31]
	at org.apache.catalina.core.ApplicationFilterChain.doFilter(ApplicationFilterChain.java:140) ~[tomcat-embed-core-10.1.31.jar:10.1.31]
	at org.springframework.web.filter.CharacterEncodingFilter.doFilterInternal(CharacterEncodingFilter.java:201) ~[spring-web-6.1.14.jar:6.1.14]
	at org.springframework.web.filter.OncePerRequestFilter.doFilter(OncePerRequestFilter.java:116) ~[spring-web-6.1.14.jar:6.1.14]
	at org.apache.catalina.core.ApplicationFilterChain.internalDoFilter(ApplicationFilterChain.java:164) ~[tomcat-embed-core-10.1.31.jar:10.1.31]
	at org.apache.catalina.core.ApplicationFilterChain.doFilter(ApplicationFilterChain.java:140) ~[tomcat-embed-core-10.1.31.jar:10.1.31]
	at org.apache.catalina.core.StandardWrapperValve.invoke(StandardWrapperValve.java:167) ~[tomcat-embed-core-10.1.31.jar:10.1.31]
	at org.apache.catalina.core.StandardContextValve.invoke(StandardContextValve.java:90) ~[tomcat-embed-core-10.1.31.jar:10.1.31]
	at org.apache.catalina.authenticator.AuthenticatorBase.invoke(AuthenticatorBase.java:483) ~[tomcat-embed-core-10.1.31.jar:10.1.31]
	at org.apache.catalina.core.StandardHostValve.invoke(StandardHostValve.java:115) ~[tomcat-embed-core-10.1.31.jar:10.1.31]
	at org.apache.catalina.valves.ErrorReportValve.invoke(ErrorReportValve.java:93) ~[tomcat-embed-core-10.1.31.jar:10.1.31]
	at org.apache.catalina.core.StandardEngineValve.invoke(StandardEngineValve.java:74) ~[tomcat-embed-core-10.1.31.jar:10.1.31]
	at org.apache.catalina.connector.CoyoteAdapter.service(CoyoteAdapter.java:344) ~[tomcat-embed-core-10.1.31.jar:10.1.31]
	at org.apache.coyote.http11.Http11Processor.service(Http11Processor.java:384) ~[tomcat-embed-core-10.1.31.jar:10.1.31]
	at org.apache.coyote.AbstractProcessorLight.process(AbstractProcessorLight.java:63) ~[tomcat-embed-core-10.1.31.jar:10.1.31]
	at org.apache.coyote.AbstractProtocol$ConnectionHandler.process(AbstractProtocol.java:905) ~[tomcat-embed-core-10.1.31.jar:10.1.31]
	at org.apache.tomcat.util.net.NioEndpoint$SocketProcessor.doRun(NioEndpoint.java:1741) ~[tomcat-embed-core-10.1.31.jar:10.1.31]
	at org.apache.tomcat.util.net.SocketProcessorBase.run(SocketProcessorBase.java:52) ~[tomcat-embed-core-10.1.31.jar:10.1.31]
	at org.apache.tomcat.util.threads.ThreadPoolExecutor.runWorker(ThreadPoolExecutor.java:1190) ~[tomcat-embed-core-10.1.31.jar:10.1.31]
	at org.apache.tomcat.util.threads.ThreadPoolExecutor$Worker.run(ThreadPoolExecutor.java:659) ~[tomcat-embed-core-10.1.31.jar:10.1.31]
	at org.apache.tomcat.util.threads.TaskThread$WrappingRunnable.run(TaskThread.java:63) ~[tomcat-embed-core-10.1.31.jar:10.1.31]
	at java.base/java.lang.Thread.run(Thread.java:1583) ~[na:na]

2024-10-25T16:16:26.827+05:30  INFO 205704 --- [Budget] [File Watcher] rtingClassPathChangeChangedEventListener : Restarting due to 1 class path change (0 additions, 0 deletions, 1 modification)
2024-10-25T16:16:26.838+05:30  INFO 205704 --- [Budget] [Thread-15] j.LocalContainerEntityManagerFactoryBean : Closing JPA EntityManagerFactory for persistence unit 'default'
2024-10-25T16:16:26.839+05:30  INFO 205704 --- [Budget] [Thread-15] com.zaxxer.hikari.HikariDataSource       : HikariPool-4 - Shutdown initiated...
2024-10-25T16:16:26.845+05:30  INFO 205704 --- [Budget] [Thread-15] com.zaxxer.hikari.HikariDataSource       : HikariPool-4 - Shutdown completed.
2024-10-25T16:16:26.974+05:30  INFO 205704 --- [Budget] [restartedMain] com.budgetapp.BudgetApplication          : Starting BudgetApplication using Java 21.0.1 with PID 205704 (C:\Users\shlok\Downloads\Budget (1)\Budget\target\classes started by shlok in C:\Users\shlok\Downloads\Budget (1))
2024-10-25T16:16:26.975+05:30 DEBUG 205704 --- [Budget] [restartedMain] com.budgetapp.BudgetApplication          : Running with Spring Boot v3.3.5, Spring v6.1.14
2024-10-25T16:16:26.976+05:30  INFO 205704 --- [Budget] [restartedMain] com.budgetapp.BudgetApplication          : No active profile set, falling back to 1 default profile: "default"
2024-10-25T16:16:27.198+05:30  INFO 205704 --- [Budget] [restartedMain] .s.d.r.c.RepositoryConfigurationDelegate : Bootstrapping Spring Data JPA repositories in DEFAULT mode.
2024-10-25T16:16:27.210+05:30  INFO 205704 --- [Budget] [restartedMain] .s.d.r.c.RepositoryConfigurationDelegate : Finished Spring Data repository scanning in 10 ms. Found 1 JPA repository interface.
2024-10-25T16:16:27.286+05:30  INFO 205704 --- [Budget] [restartedMain] o.s.b.w.embedded.tomcat.TomcatWebServer  : Tomcat initialized with port 8080 (http)
2024-10-25T16:16:27.287+05:30  INFO 205704 --- [Budget] [restartedMain] o.apache.catalina.core.StandardService   : Starting service [Tomcat]
2024-10-25T16:16:27.288+05:30  INFO 205704 --- [Budget] [restartedMain] o.apache.catalina.core.StandardEngine    : Starting Servlet engine: [Apache Tomcat/10.1.31]
2024-10-25T16:16:27.320+05:30  INFO 205704 --- [Budget] [restartedMain] o.a.c.c.C.[Tomcat].[localhost].[/]       : Initializing Spring embedded WebApplicationContext
2024-10-25T16:16:27.320+05:30  INFO 205704 --- [Budget] [restartedMain] w.s.c.ServletWebServerApplicationContext : Root WebApplicationContext: initialization completed in 340 ms
2024-10-25T16:16:27.358+05:30  INFO 205704 --- [Budget] [restartedMain] o.hibernate.jpa.internal.util.LogHelper  : HHH000204: Processing PersistenceUnitInfo [name: default]
2024-10-25T16:16:27.361+05:30  INFO 205704 --- [Budget] [restartedMain] o.h.c.internal.RegionFactoryInitiator    : HHH000026: Second-level cache disabled
2024-10-25T16:16:27.370+05:30  INFO 205704 --- [Budget] [restartedMain] o.s.o.j.p.SpringPersistenceUnitInfo      : No LoadTimeWeaver setup: ignoring JPA class transformer
2024-10-25T16:16:27.373+05:30  INFO 205704 --- [Budget] [restartedMain] com.zaxxer.hikari.HikariDataSource       : HikariPool-5 - Starting...
2024-10-25T16:16:27.423+05:30  INFO 205704 --- [Budget] [restartedMain] com.zaxxer.hikari.pool.HikariPool        : HikariPool-5 - Added connection org.postgresql.jdbc.PgConnection@27df58e9
2024-10-25T16:16:27.424+05:30  INFO 205704 --- [Budget] [restartedMain] com.zaxxer.hikari.HikariDataSource       : HikariPool-5 - Start completed.
2024-10-25T16:16:27.432+05:30  WARN 205704 --- [Budget] [restartedMain] org.hibernate.orm.deprecation            : HHH90000025: PostgreSQLDialect does not need to be specified explicitly using 'hibernate.dialect' (remove the property setting and it will be selected by default)
2024-10-25T16:16:27.472+05:30  INFO 205704 --- [Budget] [restartedMain] o.h.e.t.j.p.i.JtaPlatformInitiator       : HHH000489: No JTA platform available (set 'hibernate.transaction.jta.platform' to enable JTA platform integration)
2024-10-25T16:16:27.495+05:30  INFO 205704 --- [Budget] [restartedMain] j.LocalContainerEntityManagerFactoryBean : Initialized JPA EntityManagerFactory for persistence unit 'default'
2024-10-25T16:16:27.560+05:30  WARN 205704 --- [Budget] [restartedMain] JpaBaseConfiguration$JpaWebConfiguration : spring.jpa.open-in-view is enabled by default. Therefore, database queries may be performed during view rendering. Explicitly configure spring.jpa.open-in-view to disable this warning
2024-10-25T16:16:27.634+05:30  INFO 205704 --- [Budget] [restartedMain] o.s.b.d.a.OptionalLiveReloadServer       : LiveReload server is running on port 35729
2024-10-25T16:16:27.645+05:30  INFO 205704 --- [Budget] [restartedMain] o.s.b.w.embedded.tomcat.TomcatWebServer  : Tomcat started on port 8080 (http) with context path '/'
2024-10-25T16:16:27.649+05:30  INFO 205704 --- [Budget] [restartedMain] com.budgetapp.BudgetApplication          : Started BudgetApplication in 0.712 seconds (process running for 2815.708)
2024-10-25T16:16:27.651+05:30  INFO 205704 --- [Budget] [restartedMain] .ConditionEvaluationDeltaLoggingListener : Condition evaluation unchanged
2024-10-25T16:16:31.238+05:30  INFO 205704 --- [Budget] [http-nio-8080-exec-4] o.a.c.c.C.[Tomcat].[localhost].[/]       : Initializing Spring DispatcherServlet 'dispatcherServlet'
2024-10-25T16:16:31.238+05:30  INFO 205704 --- [Budget] [http-nio-8080-exec-4] o.s.web.servlet.DispatcherServlet        : Initializing Servlet 'dispatcherServlet'
2024-10-25T16:16:31.239+05:30  INFO 205704 --- [Budget] [http-nio-8080-exec-4] o.s.web.servlet.DispatcherServlet        : Completed initialization in 1 ms
2024-10-25T16:16:31.242+05:30  INFO 205704 --- [Budget] [http-nio-8080-exec-4] c.budgetapp.controller.BudgetController  : Fetching budget with id: 3
2024-10-25T16:18:17.834+05:30  INFO 205704 --- [Budget] [File Watcher] rtingClassPathChangeChangedEventListener : Restarting due to 1 class path change (0 additions, 0 deletions, 1 modification)
2024-10-25T16:18:17.843+05:30  INFO 205704 --- [Budget] [Thread-19] j.LocalContainerEntityManagerFactoryBean : Closing JPA EntityManagerFactory for persistence unit 'default'
2024-10-25T16:18:17.844+05:30  INFO 205704 --- [Budget] [Thread-19] com.zaxxer.hikari.HikariDataSource       : HikariPool-5 - Shutdown initiated...
2024-10-25T16:18:17.858+05:30  INFO 205704 --- [Budget] [Thread-19] com.zaxxer.hikari.HikariDataSource       : HikariPool-5 - Shutdown completed.
2024-10-25T16:18:18.033+05:30  INFO 205704 --- [Budget] [restartedMain] com.budgetapp.BudgetApplication          : Starting BudgetApplication using Java 21.0.1 with PID 205704 (C:\Users\shlok\Downloads\Budget (1)\Budget\target\classes started by shlok in C:\Users\shlok\Downloads\Budget (1))
2024-10-25T16:18:18.035+05:30 DEBUG 205704 --- [Budget] [restartedMain] com.budgetapp.BudgetApplication          : Running with Spring Boot v3.3.5, Spring v6.1.14
2024-10-25T16:18:18.036+05:30  INFO 205704 --- [Budget] [restartedMain] com.budgetapp.BudgetApplication          : No active profile set, falling back to 1 default profile: "default"
2024-10-25T16:18:18.274+05:30  INFO 205704 --- [Budget] [restartedMain] .s.d.r.c.RepositoryConfigurationDelegate : Bootstrapping Spring Data JPA repositories in DEFAULT mode.
2024-10-25T16:18:18.302+05:30  INFO 205704 --- [Budget] [restartedMain] .s.d.r.c.RepositoryConfigurationDelegate : Finished Spring Data repository scanning in 21 ms. Found 1 JPA repository interface.
2024-10-25T16:18:18.406+05:30  INFO 205704 --- [Budget] [restartedMain] o.s.b.w.embedded.tomcat.TomcatWebServer  : Tomcat initialized with port 8080 (http)
2024-10-25T16:18:18.406+05:30  INFO 205704 --- [Budget] [restartedMain] o.apache.catalina.core.StandardService   : Starting service [Tomcat]
2024-10-25T16:18:18.406+05:30  INFO 205704 --- [Budget] [restartedMain] o.apache.catalina.core.StandardEngine    : Starting Servlet engine: [Apache Tomcat/10.1.31]
2024-10-25T16:18:18.442+05:30  INFO 205704 --- [Budget] [restartedMain] o.a.c.c.C.[Tomcat].[localhost].[/]       : Initializing Spring embedded WebApplicationContext
2024-10-25T16:18:18.446+05:30  INFO 205704 --- [Budget] [restartedMain] w.s.c.ServletWebServerApplicationContext : Root WebApplicationContext: initialization completed in 406 ms
2024-10-25T16:18:18.480+05:30  INFO 205704 --- [Budget] [restartedMain] o.hibernate.jpa.internal.util.LogHelper  : HHH000204: Processing PersistenceUnitInfo [name: default]
2024-10-25T16:18:18.485+05:30  INFO 205704 --- [Budget] [restartedMain] o.h.c.internal.RegionFactoryInitiator    : HHH000026: Second-level cache disabled
2024-10-25T16:18:18.498+05:30  INFO 205704 --- [Budget] [restartedMain] o.s.o.j.p.SpringPersistenceUnitInfo      : No LoadTimeWeaver setup: ignoring JPA class transformer
2024-10-25T16:18:18.501+05:30  INFO 205704 --- [Budget] [restartedMain] com.zaxxer.hikari.HikariDataSource       : HikariPool-6 - Starting...
2024-10-25T16:18:18.558+05:30  INFO 205704 --- [Budget] [restartedMain] com.zaxxer.hikari.pool.HikariPool        : HikariPool-6 - Added connection org.postgresql.jdbc.PgConnection@117e14b3
2024-10-25T16:18:18.559+05:30  INFO 205704 --- [Budget] [restartedMain] com.zaxxer.hikari.HikariDataSource       : HikariPool-6 - Start completed.
2024-10-25T16:18:18.570+05:30  WARN 205704 --- [Budget] [restartedMain] org.hibernate.orm.deprecation            : HHH90000025: PostgreSQLDialect does not need to be specified explicitly using 'hibernate.dialect' (remove the property setting and it will be selected by default)
2024-10-25T16:18:18.618+05:30  INFO 205704 --- [Budget] [restartedMain] o.h.e.t.j.p.i.JtaPlatformInitiator       : HHH000489: No JTA platform available (set 'hibernate.transaction.jta.platform' to enable JTA platform integration)
2024-10-25T16:18:18.649+05:30  INFO 205704 --- [Budget] [restartedMain] j.LocalContainerEntityManagerFactoryBean : Initialized JPA EntityManagerFactory for persistence unit 'default'
2024-10-25T16:18:18.722+05:30  WARN 205704 --- [Budget] [restartedMain] JpaBaseConfiguration$JpaWebConfiguration : spring.jpa.open-in-view is enabled by default. Therefore, database queries may be performed during view rendering. Explicitly configure spring.jpa.open-in-view to disable this warning
2024-10-25T16:18:18.805+05:30  INFO 205704 --- [Budget] [restartedMain] o.s.b.d.a.OptionalLiveReloadServer       : LiveReload server is running on port 35729
2024-10-25T16:18:18.812+05:30  INFO 205704 --- [Budget] [restartedMain] o.s.b.w.embedded.tomcat.TomcatWebServer  : Tomcat started on port 8080 (http) with context path '/'
2024-10-25T16:18:18.816+05:30  INFO 205704 --- [Budget] [restartedMain] com.budgetapp.BudgetApplication          : Started BudgetApplication in 0.849 seconds (process running for 2926.876)
2024-10-25T16:18:18.818+05:30  INFO 205704 --- [Budget] [restartedMain] .ConditionEvaluationDeltaLoggingListener : Condition evaluation unchanged
2024-10-25T16:18:23.861+05:30  INFO 205704 --- [Budget] [http-nio-8080-exec-2] o.a.c.c.C.[Tomcat].[localhost].[/]       : Initializing Spring DispatcherServlet 'dispatcherServlet'
2024-10-25T16:18:23.862+05:30  INFO 205704 --- [Budget] [http-nio-8080-exec-2] o.s.web.servlet.DispatcherServlet        : Initializing Servlet 'dispatcherServlet'
2024-10-25T16:18:23.862+05:30  INFO 205704 --- [Budget] [http-nio-8080-exec-2] o.s.web.servlet.DispatcherServlet        : Completed initialization in 0 ms
2024-10-25T16:18:23.866+05:30  INFO 205704 --- [Budget] [http-nio-8080-exec-2] c.budgetapp.controller.BudgetController  : Fetching budget with id: 3
2024-10-25T16:18:34.290+05:30  INFO 205704 --- [Budget] [http-nio-8080-exec-3] c.budgetapp.controller.BudgetController  : Fetching budget with id: 4
2024-10-25T16:18:37.579+05:30  INFO 205704 --- [Budget] [http-nio-8080-exec-4] c.budgetapp.controller.BudgetController  : Fetching budget with id: 1
2024-10-25T16:18:53.855+05:30  INFO 205704 --- [Budget] [File Watcher] rtingClassPathChangeChangedEventListener : Restarting due to 1 class path change (0 additions, 0 deletions, 1 modification)
2024-10-25T16:18:53.863+05:30  INFO 205704 --- [Budget] [Thread-23] j.LocalContainerEntityManagerFactoryBean : Closing JPA EntityManagerFactory for persistence unit 'default'
2024-10-25T16:18:53.863+05:30  INFO 205704 --- [Budget] [Thread-23] com.zaxxer.hikari.HikariDataSource       : HikariPool-6 - Shutdown initiated...
2024-10-25T16:18:53.871+05:30  INFO 205704 --- [Budget] [Thread-23] com.zaxxer.hikari.HikariDataSource       : HikariPool-6 - Shutdown completed.
2024-10-25T16:18:54.002+05:30  INFO 205704 --- [Budget] [restartedMain] com.budgetapp.BudgetApplication          : Starting BudgetApplication using Java 21.0.1 with PID 205704 (C:\Users\shlok\Downloads\Budget (1)\Budget\target\classes started by shlok in C:\Users\shlok\Downloads\Budget (1))
2024-10-25T16:18:54.002+05:30 DEBUG 205704 --- [Budget] [restartedMain] com.budgetapp.BudgetApplication          : Running with Spring Boot v3.3.5, Spring v6.1.14
2024-10-25T16:18:54.002+05:30  INFO 205704 --- [Budget] [restartedMain] com.budgetapp.BudgetApplication          : No active profile set, falling back to 1 default profile: "default"
2024-10-25T16:18:54.218+05:30  INFO 205704 --- [Budget] [restartedMain] .s.d.r.c.RepositoryConfigurationDelegate : Bootstrapping Spring Data JPA repositories in DEFAULT mode.
2024-10-25T16:18:54.226+05:30  INFO 205704 --- [Budget] [restartedMain] .s.d.r.c.RepositoryConfigurationDelegate : Finished Spring Data repository scanning in 11 ms. Found 1 JPA repository interface.
2024-10-25T16:18:54.300+05:30  INFO 205704 --- [Budget] [restartedMain] o.s.b.w.embedded.tomcat.TomcatWebServer  : Tomcat initialized with port 8080 (http)
2024-10-25T16:18:54.308+05:30  INFO 205704 --- [Budget] [restartedMain] o.apache.catalina.core.StandardService   : Starting service [Tomcat]
2024-10-25T16:18:54.308+05:30  INFO 205704 --- [Budget] [restartedMain] o.apache.catalina.core.StandardEngine    : Starting Servlet engine: [Apache Tomcat/10.1.31]
2024-10-25T16:18:54.333+05:30  INFO 205704 --- [Budget] [restartedMain] o.a.c.c.C.[Tomcat].[localhost].[/]       : Initializing Spring embedded WebApplicationContext
2024-10-25T16:18:54.337+05:30  INFO 205704 --- [Budget] [restartedMain] w.s.c.ServletWebServerApplicationContext : Root WebApplicationContext: initialization completed in 326 ms
2024-10-25T16:18:54.366+05:30  INFO 205704 --- [Budget] [restartedMain] o.hibernate.jpa.internal.util.LogHelper  : HHH000204: Processing PersistenceUnitInfo [name: default]
2024-10-25T16:18:54.366+05:30  INFO 205704 --- [Budget] [restartedMain] o.h.c.internal.RegionFactoryInitiator    : HHH000026: Second-level cache disabled
2024-10-25T16:18:54.374+05:30  INFO 205704 --- [Budget] [restartedMain] o.s.o.j.p.SpringPersistenceUnitInfo      : No LoadTimeWeaver setup: ignoring JPA class transformer
2024-10-25T16:18:54.374+05:30  INFO 205704 --- [Budget] [restartedMain] com.zaxxer.hikari.HikariDataSource       : HikariPool-7 - Starting...
2024-10-25T16:18:54.424+05:30  INFO 205704 --- [Budget] [restartedMain] com.zaxxer.hikari.pool.HikariPool        : HikariPool-7 - Added connection org.postgresql.jdbc.PgConnection@6668c85b
2024-10-25T16:18:54.424+05:30  INFO 205704 --- [Budget] [restartedMain] com.zaxxer.hikari.HikariDataSource       : HikariPool-7 - Start completed.
2024-10-25T16:18:54.431+05:30  WARN 205704 --- [Budget] [restartedMain] org.hibernate.orm.deprecation            : HHH90000025: PostgreSQLDialect does not need to be specified explicitly using 'hibernate.dialect' (remove the property setting and it will be selected by default)
2024-10-25T16:18:54.471+05:30  INFO 205704 --- [Budget] [restartedMain] o.h.e.t.j.p.i.JtaPlatformInitiator       : HHH000489: No JTA platform available (set 'hibernate.transaction.jta.platform' to enable JTA platform integration)
2024-10-25T16:18:54.496+05:30  INFO 205704 --- [Budget] [restartedMain] j.LocalContainerEntityManagerFactoryBean : Initialized JPA EntityManagerFactory for persistence unit 'default'
2024-10-25T16:18:54.560+05:30  WARN 205704 --- [Budget] [restartedMain] JpaBaseConfiguration$JpaWebConfiguration : spring.jpa.open-in-view is enabled by default. Therefore, database queries may be performed during view rendering. Explicitly configure spring.jpa.open-in-view to disable this warning
2024-10-25T16:18:54.640+05:30  INFO 205704 --- [Budget] [restartedMain] o.s.b.d.a.OptionalLiveReloadServer       : LiveReload server is running on port 35729
2024-10-25T16:18:54.648+05:30  INFO 205704 --- [Budget] [restartedMain] o.s.b.w.embedded.tomcat.TomcatWebServer  : Tomcat started on port 8080 (http) with context path '/'
2024-10-25T16:18:54.648+05:30  INFO 205704 --- [Budget] [restartedMain] com.budgetapp.BudgetApplication          : Started BudgetApplication in 0.687 seconds (process running for 2962.711)
2024-10-25T16:18:54.648+05:30  INFO 205704 --- [Budget] [restartedMain] .ConditionEvaluationDeltaLoggingListener : Condition evaluation unchanged
2024-10-25T16:18:55.710+05:30  INFO 205704 --- [Budget] [http-nio-8080-exec-2] o.a.c.c.C.[Tomcat].[localhost].[/]       : Initializing Spring DispatcherServlet 'dispatcherServlet'
2024-10-25T16:18:55.711+05:30  INFO 205704 --- [Budget] [http-nio-8080-exec-2] o.s.web.servlet.DispatcherServlet        : Initializing Servlet 'dispatcherServlet'
2024-10-25T16:18:55.712+05:30  INFO 205704 --- [Budget] [http-nio-8080-exec-2] o.s.web.servlet.DispatcherServlet        : Completed initialization in 1 ms
2024-10-25T16:18:55.715+05:30  INFO 205704 --- [Budget] [http-nio-8080-exec-2] c.budgetapp.controller.BudgetController  : Fetching budget with id: 1
2024-10-25T16:19:09.310+05:30  INFO 205704 --- [Budget] [File Watcher] rtingClassPathChangeChangedEventListener : Restarting due to 1 class path change (0 additions, 0 deletions, 1 modification)
2024-10-25T16:19:09.319+05:30  INFO 205704 --- [Budget] [Thread-27] j.LocalContainerEntityManagerFactoryBean : Closing JPA EntityManagerFactory for persistence unit 'default'
2024-10-25T16:19:09.320+05:30  INFO 205704 --- [Budget] [Thread-27] com.zaxxer.hikari.HikariDataSource       : HikariPool-7 - Shutdown initiated...
2024-10-25T16:19:09.321+05:30  INFO 205704 --- [Budget] [Thread-27] com.zaxxer.hikari.HikariDataSource       : HikariPool-7 - Shutdown completed.
2024-10-25T16:19:09.432+05:30  INFO 205704 --- [Budget] [restartedMain] com.budgetapp.BudgetApplication          : Starting BudgetApplication using Java 21.0.1 with PID 205704 (C:\Users\shlok\Downloads\Budget (1)\Budget\target\classes started by shlok in C:\Users\shlok\Downloads\Budget (1))
2024-10-25T16:19:09.433+05:30 DEBUG 205704 --- [Budget] [restartedMain] com.budgetapp.BudgetApplication          : Running with Spring Boot v3.3.5, Spring v6.1.14
2024-10-25T16:19:09.433+05:30  INFO 205704 --- [Budget] [restartedMain] com.budgetapp.BudgetApplication          : No active profile set, falling back to 1 default profile: "default"
2024-10-25T16:19:09.611+05:30  INFO 205704 --- [Budget] [restartedMain] .s.d.r.c.RepositoryConfigurationDelegate : Bootstrapping Spring Data JPA repositories in DEFAULT mode.
2024-10-25T16:19:09.621+05:30  INFO 205704 --- [Budget] [restartedMain] .s.d.r.c.RepositoryConfigurationDelegate : Finished Spring Data repository scanning in 9 ms. Found 1 JPA repository interface.
2024-10-25T16:19:09.701+05:30  INFO 205704 --- [Budget] [restartedMain] o.s.b.w.embedded.tomcat.TomcatWebServer  : Tomcat initialized with port 8080 (http)
2024-10-25T16:19:09.703+05:30  INFO 205704 --- [Budget] [restartedMain] o.apache.catalina.core.StandardService   : Starting service [Tomcat]
2024-10-25T16:19:09.703+05:30  INFO 205704 --- [Budget] [restartedMain] o.apache.catalina.core.StandardEngine    : Starting Servlet engine: [Apache Tomcat/10.1.31]
2024-10-25T16:19:09.738+05:30  INFO 205704 --- [Budget] [restartedMain] o.a.c.c.C.[Tomcat].[localhost].[/]       : Initializing Spring embedded WebApplicationContext
2024-10-25T16:19:09.738+05:30  INFO 205704 --- [Budget] [restartedMain] w.s.c.ServletWebServerApplicationContext : Root WebApplicationContext: initialization completed in 302 ms
2024-10-25T16:19:09.772+05:30  INFO 205704 --- [Budget] [restartedMain] o.hibernate.jpa.internal.util.LogHelper  : HHH000204: Processing PersistenceUnitInfo [name: default]
2024-10-25T16:19:09.779+05:30  INFO 205704 --- [Budget] [restartedMain] o.h.c.internal.RegionFactoryInitiator    : HHH000026: Second-level cache disabled
2024-10-25T16:19:09.787+05:30  INFO 205704 --- [Budget] [restartedMain] o.s.o.j.p.SpringPersistenceUnitInfo      : No LoadTimeWeaver setup: ignoring JPA class transformer
2024-10-25T16:19:09.789+05:30  INFO 205704 --- [Budget] [restartedMain] com.zaxxer.hikari.HikariDataSource       : HikariPool-8 - Starting...
2024-10-25T16:19:09.850+05:30  INFO 205704 --- [Budget] [restartedMain] com.zaxxer.hikari.pool.HikariPool        : HikariPool-8 - Added connection org.postgresql.jdbc.PgConnection@14a92f0c
2024-10-25T16:19:09.850+05:30  INFO 205704 --- [Budget] [restartedMain] com.zaxxer.hikari.HikariDataSource       : HikariPool-8 - Start completed.
2024-10-25T16:19:09.865+05:30  WARN 205704 --- [Budget] [restartedMain] org.hibernate.orm.deprecation            : HHH90000025: PostgreSQLDialect does not need to be specified explicitly using 'hibernate.dialect' (remove the property setting and it will be selected by default)
2024-10-25T16:19:09.906+05:30  INFO 205704 --- [Budget] [restartedMain] o.h.e.t.j.p.i.JtaPlatformInitiator       : HHH000489: No JTA platform available (set 'hibernate.transaction.jta.platform' to enable JTA platform integration)
2024-10-25T16:19:09.932+05:30  INFO 205704 --- [Budget] [restartedMain] j.LocalContainerEntityManagerFactoryBean : Initialized JPA EntityManagerFactory for persistence unit 'default'
2024-10-25T16:19:10.001+05:30  WARN 205704 --- [Budget] [restartedMain] JpaBaseConfiguration$JpaWebConfiguration : spring.jpa.open-in-view is enabled by default. Therefore, database queries may be performed during view rendering. Explicitly configure spring.jpa.open-in-view to disable this warning
2024-10-25T16:19:10.079+05:30  INFO 205704 --- [Budget] [restartedMain] o.s.b.d.a.OptionalLiveReloadServer       : LiveReload server is running on port 35729
2024-10-25T16:19:10.088+05:30  INFO 205704 --- [Budget] [restartedMain] o.s.b.w.embedded.tomcat.TomcatWebServer  : Tomcat started on port 8080 (http) with context path '/'
2024-10-25T16:19:10.091+05:30  INFO 205704 --- [Budget] [restartedMain] com.budgetapp.BudgetApplication          : Started BudgetApplication in 0.684 seconds (process running for 2978.152)
2024-10-25T16:19:10.092+05:30  INFO 205704 --- [Budget] [restartedMain] .ConditionEvaluationDeltaLoggingListener : Condition evaluation unchanged
2024-10-25T16:19:41.524+05:30  INFO 205704 --- [Budget] [http-nio-8080-exec-2] o.a.c.c.C.[Tomcat].[localhost].[/]       : Initializing Spring DispatcherServlet 'dispatcherServlet'
2024-10-25T16:19:41.524+05:30  INFO 205704 --- [Budget] [http-nio-8080-exec-2] o.s.web.servlet.DispatcherServlet        : Initializing Servlet 'dispatcherServlet'
2024-10-25T16:19:41.532+05:30  INFO 205704 --- [Budget] [http-nio-8080-exec-2] o.s.web.servlet.DispatcherServlet        : Completed initialization in 8 ms
2024-10-25T16:19:41.532+05:30  INFO 205704 --- [Budget] [http-nio-8080-exec-2] c.budgetapp.controller.BudgetController  : Fetching budget with id: 2
2024-10-25T16:19:47.710+05:30  INFO 205704 --- [Budget] [http-nio-8080-exec-3] c.budgetapp.controller.BudgetController  : Creating a new budget: com.budgetapp.model.Budget@150b9529
2024-10-25T16:19:53.395+05:30  INFO 205704 --- [Budget] [http-nio-8080-exec-4] c.budgetapp.controller.BudgetController  : Fetching budget with id: 12
2024-10-25T16:19:59.361+05:30  INFO 205704 --- [Budget] [http-nio-8080-exec-5] c.budgetapp.controller.BudgetController  : Deleting budget with id: 12
2024-10-25T16:20:02.620+05:30  INFO 205704 --- [Budget] [http-nio-8080-exec-6] c.budgetapp.controller.BudgetController  : Fetching budget with id: 12
2024-10-25T16:41:29.515+05:30  WARN 205704 --- [Budget] [HikariPool-8 housekeeper] com.zaxxer.hikari.pool.HikariPool        : HikariPool-8 - Thread starvation or clock leap detected (housekeeper delta=14m19s425ms732µs600ns).
2024-10-25T16:52:38.491+05:30  INFO 205704 --- [Budget] [http-nio-8080-exec-6] o.springdoc.api.AbstractOpenApiResource  : Init duration for springdoc-openapi is: 219 ms
2024-10-25T16:52:48.041+05:30  INFO 205704 --- [Budget] [http-nio-8080-exec-7] c.budgetapp.controller.BudgetController  : Fetching all budgets
2024-10-25T16:53:14.103+05:30  INFO 205704 --- [Budget] [http-nio-8080-exec-1] c.budgetapp.controller.BudgetController  : Deleting budget with id: 11
2024-10-25T16:53:15.216+05:30  INFO 205704 --- [Budget] [http-nio-8080-exec-5] c.budgetapp.controller.BudgetController  : Deleting budget with id: 11
2024-10-25T16:53:42.445+05:30  INFO 205704 --- [Budget] [http-nio-8080-exec-6] c.budgetapp.controller.BudgetController  : Fetching budget with id: 11
2024-10-25T16:55:11.899+05:30  INFO 205704 --- [Budget] [File Watcher] rtingClassPathChangeChangedEventListener : Restarting due to 1 class path change (0 additions, 0 deletions, 1 modification)
2024-10-25T16:55:11.908+05:30  INFO 205704 --- [Budget] [Thread-31] j.LocalContainerEntityManagerFactoryBean : Closing JPA EntityManagerFactory for persistence unit 'default'
2024-10-25T16:55:11.909+05:30  INFO 205704 --- [Budget] [Thread-31] com.zaxxer.hikari.HikariDataSource       : HikariPool-8 - Shutdown initiated...
2024-10-25T16:55:11.912+05:30  INFO 205704 --- [Budget] [Thread-31] com.zaxxer.hikari.HikariDataSource       : HikariPool-8 - Shutdown completed.
2024-10-25T16:55:12.045+05:30  INFO 205704 --- [Budget] [restartedMain] com.budgetapp.BudgetApplication          : Starting BudgetApplication using Java 21.0.1 with PID 205704 (C:\Users\shlok\Downloads\Budget (1)\Budget\target\classes started by shlok in C:\Users\shlok\Downloads\Budget (1))
2024-10-25T16:55:12.046+05:30 DEBUG 205704 --- [Budget] [restartedMain] com.budgetapp.BudgetApplication          : Running with Spring Boot v3.3.5, Spring v6.1.14
2024-10-25T16:55:12.046+05:30  INFO 205704 --- [Budget] [restartedMain] com.budgetapp.BudgetApplication          : No active profile set, falling back to 1 default profile: "default"
2024-10-25T16:55:12.224+05:30  INFO 205704 --- [Budget] [restartedMain] .s.d.r.c.RepositoryConfigurationDelegate : Bootstrapping Spring Data JPA repositories in DEFAULT mode.
2024-10-25T16:55:12.234+05:30  INFO 205704 --- [Budget] [restartedMain] .s.d.r.c.RepositoryConfigurationDelegate : Finished Spring Data repository scanning in 9 ms. Found 1 JPA repository interface.
2024-10-25T16:55:12.316+05:30  INFO 205704 --- [Budget] [restartedMain] o.s.b.w.embedded.tomcat.TomcatWebServer  : Tomcat initialized with port 8080 (http)
2024-10-25T16:55:12.317+05:30  INFO 205704 --- [Budget] [restartedMain] o.apache.catalina.core.StandardService   : Starting service [Tomcat]
2024-10-25T16:55:12.317+05:30  INFO 205704 --- [Budget] [restartedMain] o.apache.catalina.core.StandardEngine    : Starting Servlet engine: [Apache Tomcat/10.1.31]
2024-10-25T16:55:12.340+05:30  INFO 205704 --- [Budget] [restartedMain] o.a.c.c.C.[Tomcat].[localhost].[/]       : Initializing Spring embedded WebApplicationContext
2024-10-25T16:55:12.341+05:30  INFO 205704 --- [Budget] [restartedMain] w.s.c.ServletWebServerApplicationContext : Root WebApplicationContext: initialization completed in 293 ms
2024-10-25T16:55:12.369+05:30  INFO 205704 --- [Budget] [restartedMain] o.hibernate.jpa.internal.util.LogHelper  : HHH000204: Processing PersistenceUnitInfo [name: default]
2024-10-25T16:55:12.373+05:30  INFO 205704 --- [Budget] [restartedMain] o.h.c.internal.RegionFactoryInitiator    : HHH000026: Second-level cache disabled
2024-10-25T16:55:12.383+05:30  INFO 205704 --- [Budget] [restartedMain] o.s.o.j.p.SpringPersistenceUnitInfo      : No LoadTimeWeaver setup: ignoring JPA class transformer
2024-10-25T16:55:12.385+05:30  INFO 205704 --- [Budget] [restartedMain] com.zaxxer.hikari.HikariDataSource       : HikariPool-9 - Starting...
2024-10-25T16:55:12.433+05:30  INFO 205704 --- [Budget] [restartedMain] com.zaxxer.hikari.pool.HikariPool        : HikariPool-9 - Added connection org.postgresql.jdbc.PgConnection@76ceaf87
2024-10-25T16:55:12.434+05:30  INFO 205704 --- [Budget] [restartedMain] com.zaxxer.hikari.HikariDataSource       : HikariPool-9 - Start completed.
2024-10-25T16:55:12.445+05:30  WARN 205704 --- [Budget] [restartedMain] org.hibernate.orm.deprecation            : HHH90000025: PostgreSQLDialect does not need to be specified explicitly using 'hibernate.dialect' (remove the property setting and it will be selected by default)
2024-10-25T16:55:12.494+05:30  INFO 205704 --- [Budget] [restartedMain] o.h.e.t.j.p.i.JtaPlatformInitiator       : HHH000489: No JTA platform available (set 'hibernate.transaction.jta.platform' to enable JTA platform integration)
2024-10-25T16:55:12.525+05:30  INFO 205704 --- [Budget] [restartedMain] j.LocalContainerEntityManagerFactoryBean : Initialized JPA EntityManagerFactory for persistence unit 'default'
2024-10-25T16:55:12.592+05:30  WARN 205704 --- [Budget] [restartedMain] JpaBaseConfiguration$JpaWebConfiguration : spring.jpa.open-in-view is enabled by default. Therefore, database queries may be performed during view rendering. Explicitly configure spring.jpa.open-in-view to disable this warning
2024-10-25T16:55:12.691+05:30  INFO 205704 --- [Budget] [restartedMain] o.s.b.d.a.OptionalLiveReloadServer       : LiveReload server is running on port 35729
2024-10-25T16:55:12.698+05:30  INFO 205704 --- [Budget] [restartedMain] o.s.b.w.embedded.tomcat.TomcatWebServer  : Tomcat started on port 8080 (http) with context path '/'
2024-10-25T16:55:12.701+05:30  INFO 205704 --- [Budget] [restartedMain] com.budgetapp.BudgetApplication          : Started BudgetApplication in 0.681 seconds (process running for 5140.761)
2024-10-25T16:55:12.703+05:30  INFO 205704 --- [Budget] [restartedMain] .ConditionEvaluationDeltaLoggingListener : Condition evaluation unchanged
2024-10-25T16:55:14.115+05:30  INFO 205704 --- [Budget] [File Watcher] rtingClassPathChangeChangedEventListener : Restarting due to 1 class path change (0 additions, 0 deletions, 1 modification)
2024-10-25T16:55:14.123+05:30  INFO 205704 --- [Budget] [Thread-35] j.LocalContainerEntityManagerFactoryBean : Closing JPA EntityManagerFactory for persistence unit 'default'
2024-10-25T16:55:14.124+05:30  INFO 205704 --- [Budget] [Thread-35] com.zaxxer.hikari.HikariDataSource       : HikariPool-9 - Shutdown initiated...
2024-10-25T16:55:14.126+05:30  INFO 205704 --- [Budget] [Thread-35] com.zaxxer.hikari.HikariDataSource       : HikariPool-9 - Shutdown completed.
2024-10-25T16:55:14.243+05:30  INFO 205704 --- [Budget] [restartedMain] com.budgetapp.BudgetApplication          : Starting BudgetApplication using Java 21.0.1 with PID 205704 (C:\Users\shlok\Downloads\Budget (1)\Budget\target\classes started by shlok in C:\Users\shlok\Downloads\Budget (1))
2024-10-25T16:55:14.244+05:30 DEBUG 205704 --- [Budget] [restartedMain] com.budgetapp.BudgetApplication          : Running with Spring Boot v3.3.5, Spring v6.1.14
2024-10-25T16:55:14.244+05:30  INFO 205704 --- [Budget] [restartedMain] com.budgetapp.BudgetApplication          : No active profile set, falling back to 1 default profile: "default"
2024-10-25T16:55:14.641+05:30  WARN 205704 --- [Budget] [restartedMain] org.hibernate.orm.deprecation            : HHH90000025: PostgreSQLDialect does not need to be specified explicitly using 'hibernate.dialect' (remove the property setting and it will be selected by default)
2024-10-25T16:55:14.761+05:30  WARN 205704 --- [Budget] [restartedMain] JpaBaseConfiguration$JpaWebConfiguration : spring.jpa.open-in-view is enabled by default. Therefore, database queries may be performed during view rendering. Explicitly configure spring.jpa.open-in-view to disable this warning
2024-10-25T16:55:14.841+05:30  INFO 205704 --- [Budget] [restartedMain] com.budgetapp.BudgetApplication          : Started BudgetApplication in 0.626 seconds (process running for 5142.901)
2024-10-25T16:55:25.960+05:30  INFO 205704 --- [Budget] [http-nio-8080-exec-1] c.budgetapp.controller.BudgetController  : Fetching budget with id: 11
2024-10-25T16:55:52.512+05:30  INFO 205704 --- [Budget] [http-nio-8080-exec-3] c.budgetapp.controller.BudgetController  : Fetching budget with id: 11
2024-10-25T16:55:58.278+05:30  INFO 205704 --- [Budget] [http-nio-8080-exec-4] c.budgetapp.controller.BudgetController  : Fetching budget with id: 2
2024-10-25T17:43:51.521+05:30  WARN 205704 --- [Budget] [HikariPool-10 housekeeper] com.zaxxer.hikari.pool.HikariPool        : HikariPool-10 - Thread starvation or clock leap detected (housekeeper delta=47m6s752ms168µs100ns).
